TransactionID,Acc_ID,Date,Amount,TransactionType
1,91,2023-01-25,2621.97,Debit
2,153,2023-12-01,33658.78,Debit
3,138,2023-01-05,42373.9,Debit
4,35,2023-05-16,36402.65,Debit
5,94,2023-01-24,20089.02,Credit
6,93,2023-10-11,14501.22,Debit
7,130,2023-08-19,38243.77,Debit
8,212,2023-11-16,34051.89,Credit
9,33,2023-02-19,19755.8,Debit
10,143,2023-07-07,37772.76,Credit
11,155,2023-09-18,20129.22,Credit
12,12,2023-01-20,6938.12,Debit
13,206,2023-08-31,26014.7,Credit
14,156,2023-09-21,7075.07,Debit
15,42,2023-07-21,49531.73,Debit
16,152,2023-06-22,25415.02,Debit
17,182,2023-10-16,15059.55,Credit
18,95,2023-06-19,33722.94,Debit
19,150,2023-06-07,39858.07,Credit
20,153,2023-08-31,13349.97,Credit
21,185,2023-01-27,29217.81,Credit
22,135,2023-11-19,36087.02,Debit
23,38,2023-12-15,12185.61,Credit
24,49,2023-01-10,22107.82,Debit
25,39,2023-07-31,34555.96,Debit
26,129,2023-11-10,46034.0,Credit
27,181,2023-03-12,25982.29,Debit
28,170,2023-09-02,26321.31,Debit
29,245,2023-03-30,23037.21,Debit
30,140,2023-07-01,33825.84,Debit
31,157,2023-09-05,9693.98,Credit
32,72,2023-10-13,14995.11,Debit
33,198,2023-05-28,35274.56,Debit
34,82,2023-09-03,17505.28,Debit
35,74,2023-03-04,28716.49,Debit
36,230,2023-07-22,40937.04,Credit
37,75,2023-01-22,14452.75,Credit
38,89,2023-08-15,32833.01,Debit
39,55,2023-04-14,41414.79,Debit
40,239,2023-10-15,34838.95,Credit
41,28,2023-11-12,37070.46,Credit
42,63,2023-01-26,33524.71,Credit
43,164,2023-04-30,2719.31,Debit
44,85,2023-08-30,5117.19,Credit
45,2,2023-10-09,48897.74,Credit
46,105,2023-12-01,46758.1,Debit
47,123,2023-11-30,10052.85,Debit
48,83,2023-05-27,32330.31,Credit
49,167,2023-10-21,11687.79,Credit
50,234,2023-03-31,20952.46,Credit
51,240,2023-01-19,49858.87,Debit
52,202,2023-09-11,9396.95,Debit
53,225,2023-01-20,562.43,Credit
54,238,2023-06-21,14299.63,Debit
55,228,2023-03-10,42567.88,Debit
56,70,2023-04-09,40459.81,Debit
57,42,2023-08-23,32449.44,Credit
58,4,2023-06-22,39559.31,Credit
59,45,2023-11-09,42821.71,Debit
60,212,2023-08-07,25812.5,Credit
61,103,2023-12-09,4859.72,Credit
62,123,2023-06-15,46797.69,Credit
63,67,2023-07-16,11852.51,Debit
64,245,2023-06-18,15167.1,Credit
65,67,2023-12-01,18041.65,Credit
66,16,2023-12-08,5999.42,Debit
67,41,2023-07-27,34335.07,Debit
68,177,2023-03-02,31971.7,Debit
69,95,2023-11-11,11120.38,Credit
70,123,2023-03-20,22803.44,Debit
71,107,2023-12-26,27506.8,Debit
72,194,2023-10-03,40119.55,Credit
73,196,2023-05-07,34049.06,Credit
74,135,2023-08-17,26455.84,Debit
75,20,2023-10-16,5699.22,Credit
76,147,2023-10-02,7577.63,Debit
77,219,2023-09-24,22147.84,Credit
78,184,2023-10-26,24492.52,Debit
79,208,2023-01-29,22726.27,Debit
80,117,2023-10-16,2981.07,Debit
81,173,2023-06-07,36191.68,Debit
82,66,2023-01-02,37315.64,Credit
83,12,2023-08-05,17291.99,Credit
84,139,2023-01-31,46735.68,Credit
85,240,2023-08-30,1683.57,Debit
86,47,2023-03-11,38314.8,Debit
87,96,2023-07-15,22482.0,Debit
88,97,2023-02-11,34168.24,Credit
89,168,2023-06-28,6019.8,Debit
90,136,2023-03-07,36420.12,Credit
91,214,2023-01-02,37833.35,Debit
92,119,2023-12-11,35982.79,Debit
93,137,2023-07-14,41185.69,Credit
94,118,2023-06-27,7840.56,Credit
95,240,2023-02-27,1707.64,Debit
96,158,2023-01-09,12109.25,Credit
97,26,2023-11-01,1775.46,Credit
98,63,2023-01-23,20173.04,Credit
99,139,2023-04-22,37743.85,Credit
100,36,2023-09-15,49674.82,Credit
101,209,2023-10-22,16013.29,Debit
102,61,2023-06-04,43825.29,Credit
103,106,2023-06-03,13830.18,Credit
104,161,2023-12-14,21417.31,Debit
105,13,2023-06-26,47085.16,Debit
106,202,2023-09-26,16004.85,Debit
107,105,2023-03-18,15064.44,Credit
108,194,2023-10-03,23728.59,Credit
109,77,2023-12-29,7303.15,Debit
110,235,2023-01-30,28163.06,Debit
111,143,2023-09-29,6791.23,Credit
112,66,2023-04-15,16580.12,Credit
113,237,2023-08-19,42371.96,Credit
114,138,2023-04-08,2671.68,Debit
115,173,2023-11-06,30185.81,Credit
116,49,2023-10-28,36242.83,Credit
117,123,2023-04-17,43486.75,Debit
118,78,2023-01-08,10669.21,Credit
119,247,2023-03-02,37369.27,Debit
120,235,2023-05-05,34811.75,Credit
121,102,2023-05-03,27648.76,Debit
122,98,2023-08-27,26729.14,Debit
123,79,2023-05-14,18046.27,Debit
124,120,2023-02-20,40160.55,Debit
125,195,2023-06-13,45725.09,Debit
126,81,2023-07-31,2381.2,Credit
127,190,2023-03-16,909.37,Debit
128,76,2023-03-20,9889.97,Credit
129,98,2023-10-19,41684.8,Debit
130,141,2023-12-02,47178.88,Debit
131,66,2023-09-08,48328.76,Debit
132,118,2023-03-28,36665.33,Debit
133,44,2023-03-13,36043.65,Debit
134,48,2023-10-05,49517.14,Credit
135,135,2023-01-18,41969.52,Credit
136,242,2023-12-09,2520.87,Credit
137,106,2023-03-12,42142.98,Credit
138,18,2023-12-29,7636.38,Credit
139,130,2023-08-22,18722.71,Debit
140,169,2023-09-07,885.02,Debit
141,4,2023-01-09,26517.94,Debit
142,138,2023-05-27,955.42,Debit
143,207,2023-04-02,5440.12,Credit
144,135,2023-03-18,12124.34,Debit
145,209,2023-07-01,13439.5,Debit
146,21,2023-07-11,47968.96,Debit
147,145,2023-05-05,49512.63,Credit
148,77,2023-12-17,41420.3,Credit
149,168,2023-11-29,38003.33,Credit
150,104,2023-07-14,18920.76,Debit
151,15,2023-11-23,571.56,Credit
152,22,2023-09-13,42281.96,Debit
153,145,2023-02-18,44750.08,Credit
154,59,2023-04-19,45073.52,Debit
155,70,2023-01-24,46215.55,Debit
156,231,2023-10-06,28219.14,Credit
157,46,2023-06-11,881.34,Credit
158,151,2023-03-15,37637.5,Debit
159,238,2023-02-09,15033.92,Credit
160,146,2023-07-19,33884.04,Debit
161,99,2023-03-13,39545.85,Credit
162,129,2023-06-27,2779.45,Debit
163,60,2023-02-08,17095.58,Debit
164,249,2023-06-17,1578.32,Debit
165,201,2023-08-19,24581.11,Debit
166,142,2023-07-12,21649.21,Debit
167,22,2023-11-13,14839.44,Credit
168,183,2023-02-07,4193.7,Credit
169,98,2023-12-31,39216.13,Credit
170,190,2023-07-19,15902.24,Credit
171,24,2023-01-03,47153.72,Debit
172,93,2023-05-19,5201.35,Credit
173,48,2023-08-09,22497.3,Debit
174,27,2023-01-14,4571.98,Credit
175,153,2023-11-03,39243.49,Debit
176,4,2023-05-30,20749.12,Credit
177,186,2023-10-14,45269.86,Credit
178,147,2023-09-24,8562.19,Debit
179,44,2023-03-13,13519.06,Debit
180,127,2023-03-16,3257.03,Debit
181,71,2023-08-04,15057.64,Credit
182,93,2023-05-09,47216.69,Debit
183,153,2023-11-12,9857.86,Credit
184,35,2023-06-05,437.69,Debit
185,86,2023-11-14,19056.51,Debit
186,113,2023-06-21,21587.75,Credit
187,77,2023-06-14,30200.24,Credit
188,123,2023-06-10,8964.1,Debit
189,248,2023-06-13,14643.26,Debit
190,248,2023-10-22,39120.52,Debit
191,97,2023-05-24,40843.08,Debit
192,94,2023-02-28,46610.15,Credit
193,152,2023-10-07,9078.37,Credit
194,244,2023-08-25,47154.45,Credit
195,113,2023-05-30,41580.96,Credit
196,210,2023-07-29,33681.58,Credit
197,163,2023-06-05,12176.86,Credit
198,184,2023-08-05,39474.93,Credit
199,115,2023-11-03,24013.81,Debit
200,137,2023-09-17,46182.44,Debit
201,140,2023-01-19,39556.97,Debit
202,180,2023-10-02,29731.62,Credit
203,28,2023-05-08,32914.32,Debit
204,43,2023-11-28,30672.63,Debit
205,248,2023-06-19,48289.27,Debit
206,28,2023-01-06,5020.47,Credit
207,131,2023-09-23,27943.87,Credit
208,115,2023-07-11,19617.6,Credit
209,89,2023-01-13,24190.28,Debit
210,107,2023-02-13,5891.86,Credit
211,90,2023-06-09,17219.03,Credit
212,134,2023-09-05,17480.18,Credit
213,113,2023-12-23,22677.11,Credit
214,77,2023-01-23,40528.28,Credit
215,6,2023-06-25,32433.7,Credit
216,239,2023-05-05,25848.1,Credit
217,85,2023-10-14,21375.83,Debit
218,60,2023-07-27,31525.04,Credit
219,164,2023-12-03,21663.51,Credit
220,189,2023-11-11,44166.56,Debit
221,152,2023-08-08,19502.91,Credit
222,53,2023-05-23,37641.04,Credit
223,148,2023-02-22,39995.17,Credit
224,94,2023-06-16,9934.01,Credit
225,68,2023-12-10,43145.56,Debit
226,153,2023-07-18,30604.29,Credit
227,90,2023-06-30,42291.34,Credit
228,209,2023-12-11,35328.82,Debit
229,236,2023-11-11,29549.4,Credit
230,81,2023-03-02,12004.78,Credit
231,47,2023-07-11,34702.48,Debit
232,108,2023-11-02,6979.58,Debit
233,109,2023-04-06,24384.84,Credit
234,143,2023-03-27,24533.14,Credit
235,48,2023-06-11,42115.06,Credit
236,222,2023-07-03,47596.91,Debit
237,35,2023-04-10,40779.28,Debit
238,105,2023-12-17,24637.12,Debit
239,126,2023-03-27,4225.26,Credit
240,204,2023-04-23,14675.29,Debit
241,58,2023-10-03,14504.65,Debit
242,145,2023-09-11,27531.34,Credit
243,147,2023-02-28,13467.66,Debit
244,139,2023-01-22,38024.21,Debit
245,140,2023-04-22,49489.81,Credit
246,189,2023-12-01,37592.14,Debit
247,224,2023-01-17,22541.64,Debit
248,221,2023-02-14,22009.59,Credit
249,199,2023-05-02,10572.92,Debit
250,221,2023-12-30,30552.06,Debit
251,43,2023-11-12,7047.82,Credit
252,209,2023-04-16,40291.48,Debit
253,137,2023-05-24,29883.2,Credit
254,83,2023-12-27,14702.47,Debit
255,244,2023-09-21,49275.87,Credit
256,35,2023-07-30,45946.56,Debit
257,222,2023-12-02,6431.72,Credit
258,64,2023-03-16,35598.6,Credit
259,195,2023-12-13,19695.77,Credit
260,148,2023-11-20,13508.99,Debit
261,97,2023-08-20,3868.26,Credit
262,104,2023-09-21,37515.14,Debit
263,117,2023-09-07,16431.74,Credit
264,223,2023-02-17,36573.5,Debit
265,163,2023-12-07,34894.72,Credit
266,204,2023-10-01,19946.02,Debit
267,212,2023-04-19,24786.28,Debit
268,213,2023-05-26,16953.98,Credit
269,145,2023-09-06,39436.35,Credit
270,12,2023-02-20,31346.36,Debit
271,5,2023-03-05,46478.7,Credit
272,113,2023-08-22,133.73,Debit
273,52,2023-12-19,45479.42,Debit
274,41,2023-05-21,4757.67,Debit
275,65,2023-02-12,18655.0,Credit
276,14,2023-07-22,31317.65,Credit
277,110,2023-12-02,4650.84,Credit
278,1,2023-04-20,23892.65,Credit
279,152,2023-04-26,26020.27,Debit
280,3,2023-01-05,34810.3,Credit
281,221,2023-08-05,34732.15,Debit
282,19,2023-04-28,19215.19,Credit
283,27,2023-06-10,18441.33,Debit
284,36,2023-07-15,38695.68,Credit
285,165,2023-12-13,7228.37,Credit
286,157,2023-11-29,8289.42,Debit
287,185,2023-04-20,31441.19,Credit
288,236,2023-07-30,30842.19,Debit
289,221,2023-04-22,4425.73,Credit
290,36,2023-03-05,29519.74,Debit
291,90,2023-08-08,15793.73,Credit
292,64,2023-05-22,32266.57,Credit
293,142,2023-11-04,30040.39,Debit
294,200,2023-12-20,1438.54,Debit
295,53,2023-09-23,30385.65,Credit
296,192,2023-07-20,14847.55,Credit
297,201,2023-05-03,24794.9,Credit
298,62,2023-09-13,31940.31,Credit
299,136,2023-01-07,49345.44,Debit
300,34,2023-07-18,43054.62,Debit
301,94,2023-10-07,34178.81,Debit
302,245,2023-02-07,932.8,Credit
303,4,2023-05-15,10865.57,Credit
304,243,2023-07-23,25379.87,Debit
305,109,2023-12-26,20173.64,Credit
306,72,2023-02-12,15564.35,Credit
307,250,2023-03-21,26865.87,Debit
308,151,2023-11-21,38184.88,Credit
309,80,2023-12-24,21930.55,Credit
310,15,2023-05-06,4402.02,Debit
311,30,2023-08-21,30653.61,Credit
312,80,2023-12-08,37110.51,Credit
313,31,2023-01-07,35424.24,Credit
314,42,2023-09-12,47655.51,Debit
315,43,2023-07-10,6433.84,Debit
316,188,2023-03-02,38594.37,Credit
317,86,2023-08-08,13671.83,Credit
318,68,2023-12-31,48755.02,Credit
319,128,2023-08-22,25588.02,Credit
320,128,2023-10-18,8427.38,Credit
321,66,2023-02-22,44723.99,Credit
322,59,2023-09-18,228.17,Credit
323,63,2023-01-24,23641.05,Debit
324,236,2023-03-18,9030.15,Credit
325,142,2023-12-02,21026.53,Debit
326,64,2023-08-02,45801.15,Debit
327,70,2023-02-09,28619.64,Credit
328,129,2023-12-11,45106.86,Credit
329,58,2023-09-22,49072.55,Debit
330,18,2023-08-27,43315.01,Debit
331,84,2023-02-14,27699.26,Credit
332,95,2023-04-13,14650.6,Debit
333,190,2023-11-15,12204.94,Debit
334,152,2023-09-10,49889.58,Credit
335,188,2023-10-07,38048.06,Credit
336,39,2023-01-04,46626.64,Credit
337,60,2023-10-05,17386.54,Credit
338,244,2023-06-21,172.96,Debit
339,218,2023-06-07,5287.06,Credit
340,108,2023-09-09,48063.13,Credit
341,183,2023-05-24,4742.03,Credit
342,230,2023-09-24,20711.53,Debit
343,118,2023-02-13,29080.45,Credit
344,164,2023-07-21,3834.04,Credit
345,112,2023-12-06,48214.49,Credit
346,75,2023-05-14,42560.59,Debit
347,180,2023-06-17,15971.08,Debit
348,60,2023-02-08,47183.38,Credit
349,200,2023-10-27,5537.74,Credit
350,43,2023-08-19,23356.15,Debit
351,31,2023-10-02,17978.54,Credit
352,116,2023-06-07,23221.0,Credit
353,24,2023-03-22,40399.09,Debit
354,212,2023-12-27,34874.21,Credit
355,56,2023-06-17,7501.36,Credit
356,248,2023-07-02,19872.6,Credit
357,174,2023-06-03,13082.32,Credit
358,8,2023-07-27,42744.61,Credit
359,25,2023-08-25,5185.18,Credit
360,32,2023-01-07,3177.29,Credit
361,34,2023-04-12,41201.3,Debit
362,176,2023-11-19,46884.99,Credit
363,150,2023-10-28,13015.15,Credit
364,6,2023-02-03,9967.74,Debit
365,208,2023-03-07,4689.73,Debit
366,32,2023-01-22,47119.8,Credit
367,44,2023-10-21,21714.5,Debit
368,128,2023-01-16,19198.2,Debit
369,45,2023-07-01,10814.33,Credit
370,71,2023-05-24,22355.97,Credit
371,9,2023-11-11,30996.91,Credit
372,166,2023-06-01,24994.69,Debit
373,16,2023-02-14,14060.82,Credit
374,108,2023-04-13,32168.36,Credit
375,162,2023-10-06,39762.83,Debit
376,201,2023-07-03,24036.25,Debit
377,89,2023-10-17,25169.42,Debit
378,70,2023-04-03,1400.54,Credit
379,8,2023-05-24,3023.7,Debit
380,136,2023-07-03,38365.42,Credit
381,250,2023-03-23,5096.7,Credit
382,69,2023-10-01,40832.63,Credit
383,196,2023-04-23,28827.04,Debit
384,91,2023-03-30,8887.41,Debit
385,207,2023-12-24,18003.28,Credit
386,181,2023-12-25,17648.94,Credit
387,145,2023-04-07,41851.17,Debit
388,139,2023-06-08,8860.28,Credit
389,24,2023-01-29,11707.91,Credit
390,6,2023-09-27,23951.65,Debit
391,235,2023-11-11,10153.07,Credit
392,88,2023-04-01,45947.16,Debit
393,16,2023-01-12,7470.83,Credit
394,199,2023-02-26,42339.4,Debit
395,246,2023-02-07,18742.18,Debit
396,151,2023-02-21,16894.4,Debit
397,35,2023-03-22,36644.37,Debit
398,203,2023-11-24,48037.04,Debit
399,45,2023-12-29,48440.27,Debit
400,58,2023-12-07,29488.61,Credit
401,97,2023-06-07,36726.35,Debit
402,33,2023-04-01,36468.66,Debit
403,218,2023-10-18,1715.9,Debit
404,236,2023-11-10,11122.67,Credit
405,240,2023-09-12,7118.1,Credit
406,61,2023-06-27,49120.74,Credit
407,163,2023-02-15,41100.92,Debit
408,115,2023-01-06,13334.1,Credit
409,178,2023-02-04,17589.01,Credit
410,185,2023-01-01,2502.56,Debit
411,188,2023-08-03,48458.18,Debit
412,127,2023-07-13,17626.44,Debit
413,26,2023-09-03,39457.63,Credit
414,42,2023-08-20,3778.1,Credit
415,76,2023-01-11,16003.97,Credit
416,19,2023-06-25,8588.25,Debit
417,42,2023-02-08,27397.61,Credit
418,87,2023-11-01,49265.28,Debit
419,181,2023-01-16,21623.03,Credit
420,156,2023-08-11,7939.48,Credit
421,85,2023-04-16,48722.48,Debit
422,179,2023-10-11,36129.7,Debit
423,170,2023-05-25,14940.29,Credit
424,13,2023-07-21,28631.31,Debit
425,40,2023-01-28,18105.36,Debit
426,23,2023-05-31,41212.48,Debit
427,52,2023-02-19,1384.21,Credit
428,164,2023-05-30,48855.18,Debit
429,217,2023-03-01,15486.83,Debit
430,121,2023-09-08,44754.39,Debit
431,24,2023-11-25,27251.89,Credit
432,95,2023-07-15,18533.14,Debit
433,12,2023-05-15,22043.05,Debit
434,58,2023-05-18,28255.9,Credit
435,193,2023-12-23,33406.68,Credit
436,172,2023-06-26,40428.19,Debit
437,249,2023-10-29,11452.89,Credit
438,216,2023-07-18,40938.42,Debit
439,248,2023-10-02,34384.69,Debit
440,147,2023-05-01,23865.49,Credit
441,102,2023-01-18,25154.86,Credit
442,31,2023-08-18,8726.66,Credit
443,249,2023-04-19,40442.19,Credit
444,11,2023-08-05,4010.59,Debit
445,52,2023-11-18,7479.12,Debit
446,82,2023-02-04,4442.67,Debit
447,142,2023-06-16,42845.55,Debit
448,235,2023-01-07,39348.88,Debit
449,29,2023-08-01,7567.15,Credit
450,237,2023-02-24,28177.92,Credit
451,202,2023-05-27,43387.02,Debit
452,225,2023-07-30,13280.42,Debit
453,147,2023-11-08,23705.03,Credit
454,71,2023-07-26,7278.25,Debit
455,10,2023-07-22,44489.75,Debit
456,177,2023-05-02,2559.62,Debit
457,236,2023-05-18,44861.86,Credit
458,87,2023-06-05,15616.37,Debit
459,220,2023-12-23,34274.12,Credit
460,35,2023-06-03,48713.55,Debit
461,199,2023-06-14,13544.06,Debit
462,155,2023-11-27,4555.41,Debit
463,55,2023-07-28,37073.15,Debit
464,211,2023-01-29,25811.96,Credit
465,17,2023-06-09,35507.51,Debit
466,35,2023-09-26,43978.7,Credit
467,45,2023-04-09,43771.51,Credit
468,215,2023-01-30,12549.56,Debit
469,13,2023-07-04,35261.23,Debit
470,95,2023-08-26,25305.81,Credit
471,175,2023-01-16,12172.71,Debit
472,153,2023-08-17,8961.43,Debit
473,151,2023-10-10,17553.02,Credit
474,215,2023-05-13,37473.16,Credit
475,73,2023-01-15,19389.63,Credit
476,219,2023-10-20,39013.52,Credit
477,220,2023-04-24,32404.26,Credit
478,69,2023-11-30,20534.41,Credit
479,222,2023-12-16,544.01,Credit
480,166,2023-03-30,30096.98,Credit
481,58,2023-05-10,30456.36,Debit
482,183,2023-12-30,32172.74,Debit
483,230,2023-07-12,42594.15,Debit
484,65,2023-04-22,23388.23,Debit
485,150,2023-02-22,466.64,Debit
486,144,2023-11-28,29729.25,Debit
487,77,2023-12-17,5494.42,Credit
488,87,2023-05-22,32065.68,Debit
489,67,2023-12-02,35583.58,Debit
490,49,2023-03-18,25912.95,Credit
491,231,2023-01-30,40290.95,Debit
492,170,2023-06-13,34069.71,Credit
493,168,2023-09-12,49873.71,Debit
494,233,2023-08-03,20289.48,Credit
495,150,2023-12-29,49738.21,Credit
496,88,2023-04-24,34347.27,Debit
497,233,2023-12-10,17989.01,Debit
498,217,2023-03-29,42047.87,Credit
499,76,2023-02-19,23591.97,Debit
500,186,2023-10-14,38169.62,Credit
501,243,2023-12-15,44989.6,Credit
502,57,2023-07-01,11244.06,Debit
503,108,2023-06-19,18646.95,Debit
504,119,2023-03-02,23579.77,Credit
505,121,2023-04-10,25073.82,Debit
506,136,2023-06-02,20714.05,Credit
507,36,2023-04-13,17199.23,Debit
508,37,2023-06-11,43133.46,Credit
509,200,2023-02-11,24430.28,Credit
510,81,2023-11-21,2994.88,Debit
511,71,2023-04-18,38083.54,Credit
512,148,2023-03-23,24529.9,Credit
513,34,2023-11-11,21742.2,Debit
514,104,2023-08-08,48269.86,Debit
515,2,2023-01-20,26735.75,Debit
516,244,2023-01-08,44611.12,Credit
517,5,2023-12-13,305.78,Credit
518,58,2023-12-22,43861.56,Debit
519,34,2023-02-22,19239.17,Debit
520,43,2023-02-03,41209.81,Debit
521,243,2023-05-29,22850.72,Debit
522,112,2023-12-18,49774.07,Debit
523,231,2023-09-08,18026.62,Credit
524,43,2023-07-26,1054.32,Credit
525,187,2023-03-09,10638.39,Credit
526,151,2023-09-16,8532.34,Debit
527,183,2023-11-30,39627.15,Debit
528,225,2023-11-24,12863.88,Credit
529,153,2023-01-25,33132.3,Credit
530,13,2023-12-20,5877.91,Debit
531,98,2023-03-05,27409.39,Debit
532,180,2023-03-20,10354.2,Credit
533,78,2023-08-04,33117.06,Debit
534,160,2023-11-07,35066.24,Debit
535,213,2023-02-23,25628.08,Credit
536,73,2023-02-28,39259.53,Debit
537,51,2023-11-08,10067.49,Debit
538,213,2023-09-25,48658.67,Debit
539,181,2023-07-29,14838.02,Credit
540,141,2023-09-12,45526.8,Debit
541,85,2023-05-01,236.63,Credit
542,233,2023-02-26,41778.09,Debit
543,39,2023-02-16,38998.36,Credit
544,186,2023-02-21,45248.49,Credit
545,117,2023-06-01,13279.84,Credit
546,26,2023-03-31,43719.61,Debit
547,93,2023-12-13,15704.08,Credit
548,25,2023-01-24,582.65,Credit
549,170,2023-11-28,8608.56,Debit
550,229,2023-08-13,47758.95,Debit
551,225,2023-02-17,18693.85,Debit
552,47,2023-02-28,20098.8,Debit
553,70,2023-07-17,34526.13,Debit
554,205,2023-08-04,32477.44,Credit
555,29,2023-03-09,34838.88,Credit
556,242,2023-03-23,5275.28,Debit
557,206,2023-10-19,33951.82,Credit
558,157,2023-07-14,38980.3,Credit
559,221,2023-12-17,44009.52,Credit
560,124,2023-09-07,5735.58,Debit
561,113,2023-01-24,3260.47,Debit
562,4,2023-12-27,43429.78,Credit
563,245,2023-12-09,43669.86,Credit
564,111,2023-12-05,36359.93,Debit
565,89,2023-12-06,33847.15,Debit
566,39,2023-10-13,44613.89,Credit
567,3,2023-11-26,46725.13,Debit
568,219,2023-09-11,43483.84,Credit
569,193,2023-09-09,16099.63,Debit
570,249,2023-05-23,2612.5,Credit
571,141,2023-11-26,18994.02,Credit
572,21,2023-08-24,22265.02,Debit
573,23,2023-09-13,22408.7,Credit
574,128,2023-12-01,986.68,Debit
575,106,2023-01-19,27900.84,Credit
576,212,2023-02-16,39609.99,Debit
577,228,2023-09-18,28160.4,Debit
578,244,2023-06-24,18230.79,Credit
579,210,2023-04-25,42231.44,Debit
580,144,2023-11-14,30037.56,Debit
581,184,2023-08-20,5789.77,Credit
582,1,2023-06-24,17821.44,Debit
583,141,2023-09-25,18757.13,Credit
584,12,2023-03-26,24671.86,Debit
585,28,2023-05-11,30581.5,Credit
586,31,2023-07-21,10857.92,Credit
587,184,2023-06-23,5477.51,Debit
588,12,2023-11-21,41889.57,Credit
589,198,2023-08-19,22923.66,Credit
590,247,2023-09-13,316.45,Credit
591,142,2023-08-10,41956.92,Debit
592,237,2023-09-18,39075.97,Credit
593,178,2023-10-24,8765.15,Credit
594,27,2023-07-18,32910.34,Debit
595,130,2023-07-16,20991.37,Credit
596,71,2023-07-23,48183.32,Debit
597,116,2023-03-10,6995.18,Debit
598,216,2023-12-26,27435.52,Debit
599,183,2023-10-11,31665.91,Credit
600,54,2023-11-16,35747.79,Debit
601,236,2023-12-11,6720.32,Credit
602,129,2023-10-05,34746.17,Debit
603,182,2023-03-01,38062.67,Debit
604,150,2023-10-20,47139.42,Debit
605,173,2023-10-01,14367.81,Debit
606,207,2023-01-07,26184.23,Credit
607,98,2023-03-16,2747.94,Credit
608,52,2023-05-17,37534.23,Credit
609,74,2023-12-16,12602.99,Credit
610,177,2023-06-01,10279.65,Credit
611,92,2023-08-20,5213.75,Credit
612,191,2023-11-28,28107.4,Credit
613,131,2023-12-23,14453.17,Credit
614,238,2023-07-15,19438.98,Debit
615,248,2023-10-10,2784.73,Debit
616,52,2023-11-14,43455.61,Debit
617,213,2023-04-26,45583.17,Debit
618,194,2023-10-29,27376.1,Credit
619,199,2023-04-10,14779.47,Credit
620,175,2023-02-08,9430.13,Credit
621,189,2023-09-21,6055.76,Credit
622,110,2023-05-23,27874.27,Credit
623,42,2023-10-27,42316.11,Credit
624,85,2023-08-27,35513.5,Credit
625,11,2023-03-20,46438.55,Credit
626,199,2023-11-17,30818.87,Debit
627,126,2023-10-21,27552.99,Credit
628,201,2023-12-29,15961.16,Credit
629,245,2023-04-05,26078.25,Credit
630,107,2023-10-06,26898.09,Credit
631,90,2023-04-24,44181.5,Debit
632,85,2023-07-04,14749.36,Debit
633,144,2023-11-29,539.3,Debit
634,115,2023-05-04,45234.37,Credit
635,246,2023-01-21,34159.31,Debit
636,98,2023-02-28,19355.21,Debit
637,7,2023-09-22,41123.24,Debit
638,132,2023-09-18,22333.29,Credit
639,76,2023-11-30,9706.37,Credit
640,243,2023-02-19,8453.0,Credit
641,161,2023-02-03,10618.0,Credit
642,222,2023-12-17,21268.05,Credit
643,53,2023-10-03,41454.56,Debit
644,166,2023-02-06,37369.85,Credit
645,7,2023-08-24,35871.73,Credit
646,23,2023-02-07,2807.98,Debit
647,143,2023-02-06,28790.62,Credit
648,234,2023-05-13,20440.88,Debit
649,162,2023-07-27,21707.95,Credit
650,100,2023-12-11,6003.46,Credit
651,165,2023-11-13,3255.56,Credit
652,180,2023-02-07,17949.24,Credit
653,75,2023-12-18,15137.4,Credit
654,73,2023-08-13,19132.54,Credit
655,122,2023-03-22,26720.04,Credit
656,192,2023-07-20,39858.84,Debit
657,246,2023-11-21,7289.37,Debit
658,246,2023-01-06,27720.86,Credit
659,32,2023-01-22,350.99,Debit
660,138,2023-10-08,47354.27,Debit
661,54,2023-06-26,10665.67,Credit
662,42,2023-04-05,11117.32,Debit
663,50,2023-02-28,9149.76,Credit
664,218,2023-10-09,23117.13,Credit
665,75,2023-12-10,3461.4,Credit
666,51,2023-10-25,24410.8,Debit
667,92,2023-03-07,33597.65,Credit
668,26,2023-05-26,31013.84,Credit
669,82,2023-09-06,22587.23,Debit
670,178,2023-10-27,7704.51,Debit
671,207,2023-06-11,47937.08,Credit
672,2,2023-06-10,12384.14,Credit
673,183,2023-11-25,21862.59,Debit
674,35,2023-12-14,36675.34,Debit
675,119,2023-08-17,18001.21,Debit
676,125,2023-10-10,5530.75,Credit
677,216,2023-05-24,42949.81,Credit
678,229,2023-10-03,9901.95,Credit
679,187,2023-02-08,44616.05,Credit
680,209,2023-10-25,28987.15,Credit
681,233,2023-01-19,27624.54,Debit
682,168,2023-03-18,18354.35,Credit
683,229,2023-10-29,36688.02,Debit
684,35,2023-08-26,25106.05,Credit
685,102,2023-07-06,25158.15,Credit
686,218,2023-11-11,34239.67,Credit
687,115,2023-03-23,9039.34,Credit
688,189,2023-09-05,46964.85,Credit
689,57,2023-09-07,11664.32,Debit
690,95,2023-04-30,2236.14,Credit
691,133,2023-07-04,19465.85,Debit
692,226,2023-01-24,2091.24,Debit
693,27,2023-12-27,48425.23,Debit
694,214,2023-05-15,28973.71,Credit
695,97,2023-12-01,18988.07,Credit
696,133,2023-05-09,18878.81,Credit
697,133,2023-07-27,17709.61,Debit
698,125,2023-09-04,44369.88,Credit
699,129,2023-03-13,22050.95,Credit
700,20,2023-09-21,32209.5,Credit
701,39,2023-04-06,7952.13,Credit
702,170,2023-04-28,20789.22,Debit
703,185,2023-02-28,24127.68,Debit
704,123,2023-04-18,29580.47,Debit
705,6,2023-05-05,2252.9,Credit
706,35,2023-11-19,25680.88,Credit
707,15,2023-03-27,12987.16,Credit
708,133,2023-07-27,30007.94,Credit
709,225,2023-12-05,41083.04,Credit
710,56,2023-08-18,30365.64,Debit
711,223,2023-09-04,8611.28,Debit
712,154,2023-03-15,39751.34,Credit
713,160,2023-12-04,25589.16,Credit
714,186,2023-12-18,17199.3,Debit
715,153,2023-10-30,3535.26,Debit
716,99,2023-03-09,5517.65,Credit
717,134,2023-09-16,34249.95,Credit
718,156,2023-02-19,8953.37,Credit
719,225,2023-09-30,25216.13,Credit
720,24,2023-09-04,33003.69,Credit
721,230,2023-12-14,32496.66,Debit
722,95,2023-01-23,34912.38,Debit
723,59,2023-09-04,39498.82,Debit
724,90,2023-10-29,40250.59,Credit
725,109,2023-03-10,12800.45,Credit
726,233,2023-02-12,14235.01,Debit
727,66,2023-04-07,372.93,Credit
728,148,2023-09-25,5979.65,Credit
729,97,2023-12-02,10350.39,Debit
730,105,2023-07-05,5418.5,Debit
731,167,2023-10-27,12756.27,Debit
732,145,2023-07-07,30632.85,Debit
733,194,2023-04-15,20720.09,Debit
734,46,2023-07-09,27998.78,Debit
735,65,2023-06-07,28924.79,Debit
736,189,2023-03-12,42764.45,Credit
737,192,2023-04-28,22385.08,Credit
738,26,2023-04-20,25466.34,Debit
739,206,2023-10-09,30739.87,Credit
740,42,2023-07-19,48232.06,Credit
741,206,2023-02-16,41180.45,Debit
742,238,2023-11-04,21825.33,Credit
743,68,2023-04-24,18604.67,Credit
744,186,2023-07-16,46541.18,Debit
745,158,2023-12-02,26098.18,Credit
746,243,2023-03-31,32050.54,Debit
747,3,2023-04-14,42543.33,Debit
748,50,2023-01-18,39219.58,Credit
749,158,2023-03-28,33733.82,Debit
750,62,2023-12-02,114.33,Credit
751,23,2023-05-22,39005.68,Debit
752,172,2023-07-22,20332.0,Credit
753,133,2023-01-08,36872.58,Credit
754,236,2023-02-16,27524.67,Debit
755,89,2023-05-22,11392.15,Credit
756,117,2023-07-26,28787.85,Debit
757,45,2023-07-28,25361.28,Credit
758,129,2023-05-31,17064.3,Credit
759,206,2023-09-20,47839.8,Debit
760,178,2023-08-15,48306.17,Debit
761,198,2023-05-05,37897.92,Debit
762,175,2023-08-24,44836.54,Credit
763,124,2023-03-01,12965.21,Debit
764,163,2023-04-23,33877.96,Credit
765,205,2023-06-11,20680.06,Debit
766,133,2023-10-02,585.19,Debit
767,64,2023-05-28,4741.17,Debit
768,20,2023-10-11,46576.67,Debit
769,81,2023-07-01,11006.45,Debit
770,47,2023-12-16,46519.74,Credit
771,128,2023-04-13,11819.58,Credit
772,224,2023-05-16,10418.25,Credit
773,214,2023-05-08,41833.1,Debit
774,40,2023-02-24,6081.94,Credit
775,174,2023-12-06,24683.98,Credit
776,196,2023-10-05,47903.86,Debit
777,96,2023-11-14,15839.3,Debit
778,126,2023-04-04,49221.29,Debit
779,102,2023-04-24,37533.45,Credit
780,14,2023-09-27,39983.57,Debit
781,241,2023-10-04,1724.88,Debit
782,101,2023-12-18,38817.61,Debit
783,250,2023-03-03,34942.4,Debit
784,81,2023-12-19,520.09,Credit
785,98,2023-10-25,5127.32,Debit
786,157,2023-05-13,9438.91,Debit
787,61,2023-05-18,23620.13,Debit
788,94,2023-04-05,24988.62,Credit
789,108,2023-12-25,37634.57,Debit
790,219,2023-07-25,14053.51,Credit
791,147,2023-03-09,48965.7,Credit
792,209,2023-02-21,36068.69,Credit
793,143,2023-08-10,42829.81,Credit
794,38,2023-03-18,23702.05,Credit
795,46,2023-08-04,25029.93,Debit
796,202,2023-09-07,15071.71,Credit
797,102,2023-02-20,34558.1,Credit
798,56,2023-05-11,23879.32,Credit
799,116,2023-06-21,13062.48,Debit
800,144,2023-10-13,46599.04,Debit
801,89,2023-01-11,20646.87,Debit
802,223,2023-12-14,48159.52,Credit
803,148,2023-10-22,32528.29,Credit
804,200,2023-05-26,17819.94,Debit
805,199,2023-08-17,44492.66,Debit
806,158,2023-05-27,23241.23,Credit
807,223,2023-03-27,32064.97,Debit
808,108,2023-11-20,30654.28,Debit
809,218,2023-02-06,4047.69,Debit
810,59,2023-06-10,15912.22,Debit
811,182,2023-05-17,30308.71,Debit
812,70,2023-08-16,39070.6,Debit
813,192,2023-10-28,26094.69,Debit
814,106,2023-03-27,9275.92,Credit
815,33,2023-05-01,33134.93,Credit
816,54,2023-03-27,19912.57,Credit
817,17,2023-08-31,27466.84,Credit
818,198,2023-07-23,26246.74,Credit
819,27,2023-05-15,30943.3,Credit
820,168,2023-07-19,15537.6,Credit
821,189,2023-05-26,22213.71,Credit
822,34,2023-09-27,41942.04,Credit
823,9,2023-12-06,17906.38,Debit
824,222,2023-09-01,23412.95,Debit
825,141,2023-08-16,6842.23,Credit
826,152,2023-11-02,22881.52,Debit
827,135,2023-11-24,32012.46,Debit
828,233,2023-06-27,24134.42,Credit
829,207,2023-02-15,22148.83,Debit
830,106,2023-05-14,7870.31,Credit
831,1,2023-09-25,40787.45,Credit
832,89,2023-05-27,23512.98,Credit
833,177,2023-09-09,47353.18,Debit
834,77,2023-01-05,38316.87,Debit
835,153,2023-04-29,39858.69,Debit
836,49,2023-07-30,44119.89,Debit
837,102,2023-05-08,8247.15,Debit
838,213,2023-07-13,11107.56,Credit
839,109,2023-11-17,12054.13,Debit
840,73,2023-11-29,37172.05,Debit
841,106,2023-04-07,42688.75,Credit
842,35,2023-05-29,5606.78,Debit
843,159,2023-08-20,13679.49,Debit
844,49,2023-06-14,1067.83,Credit
845,249,2023-10-01,1204.33,Credit
846,73,2023-05-18,6339.46,Debit
847,187,2023-01-05,11717.24,Credit
848,4,2023-09-10,10937.69,Debit
849,80,2023-09-13,49898.38,Debit
850,179,2023-01-17,16579.41,Credit
851,15,2023-05-17,38805.08,Credit
852,140,2023-08-29,9162.03,Debit
853,210,2023-07-15,41429.78,Credit
854,250,2023-05-08,19301.42,Debit
855,64,2023-01-18,10039.08,Credit
856,134,2023-12-07,49107.58,Debit
857,100,2023-12-15,48064.57,Debit
858,41,2023-11-19,36439.03,Credit
859,65,2023-09-04,31962.15,Credit
860,93,2023-01-27,43196.52,Credit
861,250,2023-02-27,11874.7,Debit
862,84,2023-01-08,8451.28,Debit
863,150,2023-03-03,19850.83,Credit
864,3,2023-01-22,29095.74,Debit
865,177,2023-11-02,7834.1,Credit
866,64,2023-03-22,25045.97,Debit
867,239,2023-11-17,3096.61,Debit
868,166,2023-03-20,35096.27,Credit
869,33,2023-09-07,11710.46,Debit
870,207,2023-08-13,36686.12,Credit
871,177,2023-07-13,17972.56,Credit
872,65,2023-01-21,24316.58,Debit
873,144,2023-05-31,27182.43,Debit
874,49,2023-10-18,9412.67,Debit
875,83,2023-08-28,13838.69,Credit
876,18,2023-09-29,7835.77,Debit
877,210,2023-05-15,27126.14,Debit
878,1,2023-11-23,25347.29,Credit
879,227,2023-01-10,31024.76,Debit
880,199,2023-11-14,12015.45,Credit
881,169,2023-10-03,40970.58,Credit
882,135,2023-12-16,24927.7,Credit
883,157,2023-05-25,16197.74,Debit
884,29,2023-02-19,26207.71,Credit
885,12,2023-03-08,9014.08,Credit
886,52,2023-02-24,24319.98,Credit
887,9,2023-10-20,32123.41,Debit
888,169,2023-09-08,26338.49,Debit
889,13,2023-07-07,11114.07,Credit
890,4,2023-04-17,32821.89,Credit
891,120,2023-11-24,3128.94,Debit
892,211,2023-07-08,39733.05,Credit
893,211,2023-11-12,13364.2,Credit
894,188,2023-02-06,41739.38,Credit
895,242,2023-04-21,48033.28,Credit
896,26,2023-04-29,26629.89,Credit
897,50,2023-09-27,32878.14,Credit
898,143,2023-10-13,20817.71,Credit
899,197,2023-11-23,28870.53,Debit
900,180,2023-12-07,21411.04,Credit
901,43,2023-04-03,27543.28,Debit
902,169,2023-03-22,26741.63,Debit
903,239,2023-06-30,45134.0,Debit
904,217,2023-07-10,20675.93,Debit
905,212,2023-06-15,30459.83,Credit
906,97,2023-10-09,46314.73,Debit
907,93,2023-08-20,22430.24,Debit
908,1,2023-01-18,49149.53,Credit
909,133,2023-03-11,49671.26,Debit
910,2,2023-06-03,49221.28,Credit
911,220,2023-06-11,1182.9,Debit
912,236,2023-10-11,25612.45,Credit
913,25,2023-01-20,23072.45,Credit
914,36,2023-05-16,18417.44,Credit
915,60,2023-05-12,40572.6,Credit
916,147,2023-07-24,28496.34,Credit
917,188,2023-02-09,36206.67,Debit
918,45,2023-09-07,41302.69,Credit
919,153,2023-11-25,15089.62,Debit
920,21,2023-01-29,46101.39,Debit
921,90,2023-08-11,20884.43,Credit
922,223,2023-04-27,37409.16,Credit
923,163,2023-11-20,19186.1,Debit
924,135,2023-01-22,16033.9,Credit
925,84,2023-09-15,34918.66,Credit
926,13,2023-12-11,36605.77,Debit
927,249,2023-08-17,37666.73,Credit
928,57,2023-08-10,14560.17,Debit
929,38,2023-03-09,16874.79,Debit
930,147,2023-01-26,27452.81,Debit
931,22,2023-07-24,25140.97,Credit
932,196,2023-03-11,24098.03,Credit
933,125,2023-07-22,32647.2,Credit
934,144,2023-11-12,49854.23,Credit
935,63,2023-02-06,13386.23,Debit
936,83,2023-12-17,46214.49,Credit
937,29,2023-12-10,20737.74,Debit
938,90,2023-04-08,16104.84,Credit
939,198,2023-06-06,8545.84,Debit
940,158,2023-08-15,31196.79,Debit
941,12,2023-04-30,10064.29,Debit
942,40,2023-02-13,5707.35,Credit
943,63,2023-11-14,46343.81,Debit
944,4,2023-06-25,34720.38,Credit
945,79,2023-08-19,23612.4,Debit
946,54,2023-10-03,10672.58,Debit
947,141,2023-09-05,31189.8,Credit
948,178,2023-12-24,33446.2,Debit
949,150,2023-12-06,26387.27,Debit
950,44,2023-01-31,14272.28,Debit
951,14,2023-08-27,32772.42,Credit
952,18,2023-07-18,33052.6,Debit
953,222,2023-02-25,1052.01,Debit
954,60,2023-07-14,25476.16,Credit
955,232,2023-06-11,24284.64,Credit
956,48,2023-04-12,25082.48,Debit
957,144,2023-12-31,1172.27,Credit
958,237,2023-09-29,15315.88,Debit
959,101,2023-03-22,1016.77,Debit
960,91,2023-11-17,15186.08,Debit
961,208,2023-02-01,31327.04,Debit
962,228,2023-01-16,47212.42,Debit
963,58,2023-03-19,17155.13,Debit
964,169,2023-03-12,4480.97,Debit
965,134,2023-12-14,30661.17,Credit
966,107,2023-05-04,28687.64,Debit
967,249,2023-06-09,45495.8,Debit
968,115,2023-10-05,6675.43,Credit
969,149,2023-10-05,34234.03,Credit
970,221,2023-03-12,15519.02,Credit
971,111,2023-03-16,32845.96,Credit
972,82,2023-02-04,27911.28,Credit
973,48,2023-06-12,41992.17,Credit
974,187,2023-01-16,38295.21,Debit
975,247,2023-07-30,15237.07,Debit
976,39,2023-04-07,5427.89,Credit
977,7,2023-11-10,30885.63,Credit
978,153,2023-04-29,11622.53,Credit
979,92,2023-02-10,34438.25,Debit
980,35,2023-09-15,42322.3,Debit
981,183,2023-11-29,18760.57,Debit
982,126,2023-08-31,6961.88,Credit
983,58,2023-01-17,20488.6,Credit
984,237,2023-05-19,47514.88,Credit
985,191,2023-12-10,49413.35,Credit
986,17,2023-04-01,46362.45,Debit
987,222,2023-11-12,24548.15,Debit
988,222,2023-08-23,44390.59,Debit
989,104,2023-01-22,30435.7,Debit
990,185,2023-06-10,19768.12,Credit
991,134,2023-02-25,22635.32,Credit
992,225,2023-05-06,25983.26,Debit
993,189,2023-01-21,27929.28,Credit
994,49,2023-05-30,22033.74,Debit
995,199,2023-05-27,23121.22,Debit
996,76,2023-11-10,45959.74,Credit
997,119,2023-11-27,22639.73,Credit
998,47,2023-10-27,46898.34,Credit
999,101,2023-07-31,16240.7,Credit
1000,46,2023-08-21,29556.74,Credit
1001,226,2023-08-21,4599.97,Debit
1002,178,2023-11-29,45367.41,Credit
1003,184,2023-03-05,4650.44,Debit
1004,163,2023-07-05,4356.8,Debit
1005,187,2023-09-19,30642.42,Credit
1006,97,2023-10-09,19092.29,Credit
1007,234,2023-06-21,28318.03,Credit
1008,42,2023-03-16,9025.45,Credit
1009,108,2023-06-07,15544.96,Debit
1010,74,2023-11-17,9116.73,Credit
1011,246,2023-04-14,276.29,Debit
1012,4,2023-08-23,24931.62,Debit
1013,140,2023-01-03,30438.4,Debit
1014,61,2023-04-22,29484.23,Debit
1015,117,2023-07-29,22149.58,Credit
1016,63,2023-10-08,13977.84,Credit
1017,13,2023-04-05,7497.98,Debit
1018,10,2023-03-16,42706.08,Debit
1019,85,2023-02-14,2546.67,Debit
1020,46,2023-03-24,33637.32,Credit
1021,248,2023-08-22,37491.81,Debit
1022,239,2023-01-19,4747.0,Debit
1023,83,2023-07-08,44886.74,Credit
1024,195,2023-08-07,42181.15,Credit
1025,75,2023-08-30,6813.83,Debit
1026,85,2023-09-27,20746.52,Credit
1027,179,2023-04-18,30641.48,Credit
1028,147,2023-11-19,26494.44,Credit
1029,124,2023-12-19,30278.42,Debit
1030,110,2023-11-08,42405.12,Debit
1031,135,2023-10-22,49751.71,Debit
1032,238,2023-03-08,30753.07,Debit
1033,134,2023-11-20,24937.28,Credit
1034,227,2023-11-09,11712.81,Debit
1035,50,2023-01-01,5998.54,Debit
1036,161,2023-03-02,36899.67,Credit
1037,205,2023-11-12,49949.45,Debit
1038,12,2023-06-20,17547.54,Credit
1039,3,2023-11-24,10139.24,Debit
1040,66,2023-02-04,15457.85,Debit
1041,197,2023-01-04,5780.45,Debit
1042,88,2023-07-22,36247.39,Credit
1043,214,2023-03-31,9781.38,Debit
1044,237,2023-12-11,24007.5,Debit
1045,205,2023-01-19,32318.05,Debit
1046,40,2023-11-18,23084.84,Debit
1047,119,2023-07-31,46396.72,Credit
1048,214,2023-09-24,15037.25,Debit
1049,143,2023-10-02,1034.05,Debit
1050,205,2023-07-01,3404.03,Credit
1051,72,2023-01-16,17023.71,Debit
1052,161,2023-10-01,42136.05,Debit
1053,48,2023-11-01,5930.55,Debit
1054,181,2023-06-11,35521.02,Debit
1055,106,2023-02-14,24903.02,Credit
1056,96,2023-08-20,41489.93,Debit
1057,56,2023-09-26,15185.68,Credit
1058,96,2023-01-20,38911.74,Credit
1059,114,2023-09-17,1344.25,Debit
1060,232,2023-09-14,7788.48,Debit
1061,237,2023-09-05,36648.81,Debit
1062,199,2023-06-17,7250.42,Credit
1063,211,2023-09-22,33868.19,Credit
1064,53,2023-01-19,23022.48,Credit
1065,2,2023-06-09,46623.63,Credit
1066,86,2023-08-28,44470.38,Credit
1067,134,2023-12-04,37303.18,Credit
1068,148,2023-06-09,31978.66,Credit
1069,83,2023-04-13,9708.03,Debit
1070,137,2023-06-13,38662.08,Credit
1071,70,2023-03-18,7959.05,Credit
1072,4,2023-11-15,28025.33,Credit
1073,53,2023-10-05,17580.88,Debit
1074,70,2023-03-14,47169.56,Debit
1075,147,2023-05-06,8646.62,Debit
1076,157,2023-06-23,27074.8,Credit
1077,34,2023-01-15,23589.71,Credit
1078,28,2023-07-16,2784.61,Debit
1079,101,2023-04-02,35263.41,Debit
1080,158,2023-07-02,15690.79,Credit
1081,183,2023-12-10,40484.06,Credit
1082,250,2023-08-27,28432.69,Credit
1083,209,2023-12-24,23466.97,Debit
1084,80,2023-12-17,32256.49,Debit
1085,121,2023-04-29,47377.67,Credit
1086,221,2023-11-12,12976.83,Debit
1087,101,2023-04-04,35010.77,Debit
1088,202,2023-06-16,22718.83,Credit
1089,17,2023-09-01,5733.06,Debit
1090,119,2023-03-29,14184.64,Debit
1091,155,2023-10-22,6456.96,Credit
1092,104,2023-02-24,16360.9,Credit
1093,203,2023-06-04,26684.0,Debit
1094,152,2023-07-31,12004.91,Credit
1095,141,2023-03-23,48697.2,Debit
1096,17,2023-06-24,10491.08,Debit
1097,201,2023-08-11,28403.84,Debit
1098,140,2023-12-22,11884.1,Credit
1099,190,2023-12-31,28752.0,Debit
1100,30,2023-10-31,29844.17,Debit
1101,143,2023-02-19,41118.95,Credit
1102,79,2023-07-27,3573.42,Credit
1103,176,2023-11-02,38590.03,Debit
1104,84,2023-09-11,32284.96,Credit
1105,24,2023-04-22,40869.98,Credit
1106,194,2023-03-17,33077.98,Debit
1107,137,2023-05-30,19560.13,Debit
1108,51,2023-04-16,34107.69,Debit
1109,77,2023-10-19,39737.9,Debit
1110,236,2023-08-11,35917.78,Debit
1111,23,2023-10-26,505.15,Debit
1112,217,2023-03-07,42640.01,Credit
1113,95,2023-10-09,48398.19,Credit
1114,181,2023-10-14,41055.59,Debit
1115,29,2023-05-25,43297.41,Credit
1116,111,2023-12-26,29549.18,Debit
1117,183,2023-07-15,20361.03,Debit
1118,140,2023-04-19,33158.13,Debit
1119,36,2023-04-07,27815.54,Debit
1120,216,2023-08-02,7797.94,Credit
1121,35,2023-01-06,3680.13,Credit
1122,37,2023-09-07,32930.54,Credit
1123,22,2023-03-12,32147.92,Debit
1124,221,2023-08-22,44689.77,Debit
1125,160,2023-04-03,22774.28,Debit
1126,142,2023-08-19,19297.26,Credit
1127,48,2023-08-06,30268.21,Debit
1128,217,2023-05-02,35635.29,Debit
1129,106,2023-10-07,28859.98,Credit
1130,10,2023-10-18,24215.08,Debit
1131,29,2023-10-25,24128.49,Credit
1132,37,2023-09-27,49180.6,Debit
1133,120,2023-09-22,4003.91,Credit
1134,63,2023-08-30,31570.08,Credit
1135,176,2023-11-21,27005.94,Debit
1136,157,2023-01-28,45188.91,Credit
1137,121,2023-08-21,25681.89,Debit
1138,147,2023-06-19,21108.7,Debit
1139,75,2023-03-27,1862.78,Debit
1140,187,2023-10-16,13096.11,Debit
1141,149,2023-03-28,28685.71,Debit
1142,208,2023-11-16,1462.17,Debit
1143,22,2023-03-06,25329.25,Debit
1144,65,2023-03-09,30828.31,Debit
1145,220,2023-05-12,808.73,Credit
1146,155,2023-03-31,45515.56,Credit
1147,169,2023-08-17,18551.36,Credit
1148,67,2023-12-25,11886.17,Credit
1149,205,2023-09-28,43114.52,Debit
1150,22,2023-03-16,29817.65,Credit
1151,215,2023-09-11,37662.79,Debit
1152,198,2023-07-16,11973.58,Debit
1153,186,2023-11-23,8447.43,Debit
1154,14,2023-11-25,13293.34,Credit
1155,14,2023-03-27,23254.34,Debit
1156,78,2023-09-01,37332.91,Credit
1157,98,2023-12-16,35309.83,Debit
1158,68,2023-03-16,26569.06,Debit
1159,4,2023-05-28,46368.4,Debit
1160,98,2023-12-14,15852.86,Credit
1161,25,2023-09-30,31907.47,Debit
1162,157,2023-11-30,42931.95,Debit
1163,70,2023-05-17,40135.59,Debit
1164,168,2023-10-27,19618.57,Credit
1165,188,2023-12-11,29477.34,Credit
1166,134,2023-06-22,33918.14,Credit
1167,81,2023-10-08,627.84,Credit
1168,213,2023-02-04,696.87,Credit
1169,135,2023-02-23,34306.43,Debit
1170,57,2023-05-26,12669.62,Credit
1171,7,2023-11-14,4687.87,Credit
1172,244,2023-11-03,31940.34,Credit
1173,23,2023-11-06,6582.37,Credit
1174,230,2023-02-26,34813.12,Debit
1175,76,2023-08-28,33057.84,Credit
1176,164,2023-08-21,46142.5,Debit
1177,197,2023-08-07,34641.85,Debit
1178,66,2023-03-24,39058.49,Debit
1179,199,2023-02-01,19201.67,Debit
1180,16,2023-05-13,47784.72,Debit
1181,46,2023-08-14,3562.98,Credit
1182,157,2023-07-21,9004.26,Debit
1183,28,2023-03-15,27077.54,Debit
1184,56,2023-11-11,32202.57,Debit
1185,184,2023-05-13,5254.03,Credit
1186,19,2023-10-20,36404.5,Debit
1187,5,2023-09-12,7527.83,Credit
1188,239,2023-01-20,33263.83,Debit
1189,39,2023-12-25,16558.56,Debit
1190,148,2023-01-02,25817.61,Debit
1191,123,2023-08-12,20255.25,Credit
1192,139,2023-04-26,265.04,Debit
1193,32,2023-10-18,26811.67,Debit
1194,86,2023-12-16,15211.12,Credit
1195,162,2023-11-28,4624.28,Debit
1196,21,2023-08-24,38046.61,Debit
1197,166,2023-04-14,8913.25,Credit
1198,248,2023-07-16,33070.63,Debit
1199,179,2023-07-19,44833.39,Debit
1200,125,2023-02-13,44272.19,Debit
1201,189,2023-04-08,7083.15,Credit
1202,7,2023-10-31,12000.41,Debit
1203,17,2023-10-04,32206.04,Debit
1204,137,2023-08-19,48332.05,Credit
1205,10,2023-06-23,2897.12,Credit
1206,104,2023-03-02,10662.74,Debit
1207,241,2023-12-14,43522.98,Credit
1208,190,2023-10-24,11725.98,Credit
1209,10,2023-03-14,24495.85,Credit
1210,121,2023-11-13,2385.5,Credit
1211,4,2023-03-30,31669.81,Debit
1212,211,2023-02-19,22863.61,Credit
1213,214,2023-10-30,3291.49,Credit
1214,30,2023-09-12,29789.37,Credit
1215,17,2023-04-14,21367.95,Debit
1216,84,2023-03-03,48795.08,Credit
1217,83,2023-04-20,38234.97,Credit
1218,86,2023-02-02,6125.2,Credit
1219,194,2023-08-01,8485.74,Debit
1220,142,2023-03-26,21989.19,Credit
1221,35,2023-02-21,39573.51,Debit
1222,200,2023-03-22,879.95,Debit
1223,21,2023-01-04,460.48,Credit
1224,181,2023-11-30,29727.15,Debit
1225,107,2023-12-22,40389.85,Debit
1226,178,2023-03-06,10387.39,Debit
1227,134,2023-08-19,20660.36,Credit
1228,157,2023-12-21,1977.3,Credit
1229,184,2023-09-13,30641.29,Credit
1230,161,2023-06-04,17457.89,Credit
1231,143,2023-05-01,9675.95,Credit
1232,159,2023-07-05,43150.28,Credit
1233,119,2023-11-17,33000.43,Debit
1234,14,2023-04-10,5722.69,Credit
1235,176,2023-08-31,24925.99,Credit
1236,172,2023-01-23,2795.98,Debit
1237,73,2023-04-18,21790.11,Debit
1238,158,2023-08-21,2261.54,Credit
1239,237,2023-10-03,8876.79,Credit
1240,125,2023-09-21,5891.65,Credit
1241,185,2023-08-16,29676.06,Debit
1242,108,2023-04-12,37379.63,Debit
1243,59,2023-02-26,16374.0,Credit
1244,61,2023-07-31,43507.33,Debit
1245,229,2023-04-23,3769.13,Debit
1246,14,2023-08-12,7332.57,Debit
1247,46,2023-07-18,18736.91,Debit
1248,185,2023-04-10,31637.85,Debit
1249,52,2023-06-21,6447.87,Credit
1250,72,2023-03-11,5644.35,Debit
1251,118,2023-08-03,8642.95,Debit
1252,57,2023-06-01,30221.44,Credit
1253,148,2023-10-11,42764.7,Credit
1254,106,2023-09-25,24511.75,Credit
1255,152,2023-08-31,41865.75,Debit
1256,4,2023-08-08,36835.33,Credit
1257,64,2023-06-17,21769.01,Credit
1258,229,2023-10-30,47317.99,Credit
1259,107,2023-01-23,2098.93,Debit
1260,188,2023-09-16,1777.67,Debit
1261,123,2023-12-23,41082.44,Debit
1262,127,2023-05-04,4246.27,Credit
1263,178,2023-07-28,47501.7,Credit
1264,92,2023-06-01,12029.21,Credit
1265,5,2023-09-03,33484.88,Credit
1266,181,2023-08-24,42910.31,Credit
1267,250,2023-08-21,23241.66,Credit
1268,224,2023-12-27,20327.48,Debit
1269,161,2023-08-26,35224.71,Credit
1270,221,2023-11-18,3627.86,Debit
1271,136,2023-01-17,14899.84,Debit
1272,179,2023-11-10,27167.51,Credit
1273,202,2023-12-17,4139.86,Debit
1274,189,2023-01-29,25785.35,Debit
1275,228,2023-01-27,5637.23,Debit
1276,120,2023-11-13,2139.63,Debit
1277,45,2023-11-28,27983.64,Credit
1278,144,2023-12-30,38701.42,Credit
1279,86,2023-05-03,27027.73,Debit
1280,189,2023-10-25,43569.46,Credit
1281,193,2023-04-26,16091.14,Debit
1282,129,2023-12-15,21204.16,Credit
1283,17,2023-07-10,17326.81,Debit
1284,129,2023-09-27,41495.04,Debit
1285,182,2023-09-30,33947.58,Debit
1286,116,2023-11-14,18470.48,Credit
1287,49,2023-08-23,4456.71,Debit
1288,230,2023-04-02,14489.8,Credit
1289,28,2023-03-26,13869.54,Credit
1290,128,2023-03-19,43762.16,Credit
1291,76,2023-08-02,48481.77,Credit
1292,122,2023-06-27,21064.49,Credit
1293,75,2023-04-07,3241.18,Credit
1294,214,2023-09-24,32269.13,Debit
1295,149,2023-06-25,32822.45,Debit
1296,125,2023-10-31,33326.18,Debit
1297,118,2023-06-05,28405.86,Debit
1298,44,2023-05-14,11416.42,Debit
1299,249,2023-05-28,38510.51,Credit
1300,38,2023-06-30,14290.66,Credit
1301,159,2023-03-24,35619.43,Debit
1302,47,2023-03-31,41982.65,Credit
1303,42,2023-05-02,5934.18,Debit
1304,148,2023-03-06,22100.34,Debit
1305,48,2023-04-16,28168.11,Credit
1306,171,2023-06-12,48903.33,Credit
1307,96,2023-08-18,27039.34,Credit
1308,137,2023-06-04,6162.35,Credit
1309,104,2023-09-13,38449.06,Debit
1310,238,2023-06-13,7887.06,Debit
1311,166,2023-12-28,14848.29,Debit
1312,249,2023-10-21,33377.7,Debit
1313,87,2023-12-19,5704.55,Debit
1314,231,2023-01-21,7057.22,Credit
1315,79,2023-01-13,20141.33,Credit
1316,115,2023-07-02,4714.81,Credit
1317,156,2023-11-25,9837.97,Credit
1318,201,2023-05-23,9866.21,Credit
1319,138,2023-08-17,33885.46,Credit
1320,250,2023-09-20,19781.74,Debit
1321,82,2023-11-05,30293.38,Credit
1322,233,2023-12-08,18117.14,Credit
1323,184,2023-08-07,18544.54,Debit
1324,4,2023-05-26,17311.52,Debit
1325,115,2023-10-15,4471.17,Debit
1326,190,2023-08-01,40203.91,Debit
1327,42,2023-08-06,36457.42,Debit
1328,36,2023-10-28,29936.99,Credit
1329,54,2023-06-05,23783.2,Debit
1330,17,2023-10-30,37830.09,Credit
1331,2,2023-07-29,31976.42,Debit
1332,107,2023-03-31,27835.11,Credit
1333,52,2023-04-06,41630.96,Debit
1334,142,2023-09-09,2207.42,Debit
1335,214,2023-10-27,15265.33,Debit
1336,58,2023-01-14,39581.86,Credit
1337,68,2023-06-03,47805.73,Debit
1338,32,2023-12-01,33329.08,Debit
1339,107,2023-04-02,24645.14,Credit
1340,8,2023-03-03,38259.45,Debit
1341,249,2023-02-04,29984.68,Debit
1342,149,2023-09-04,28322.17,Debit
1343,161,2023-12-18,23854.43,Credit
1344,96,2023-09-20,36674.57,Credit
1345,217,2023-05-13,8226.08,Credit
1346,38,2023-06-13,23106.09,Credit
1347,92,2023-03-25,2739.13,Debit
1348,108,2023-11-22,45614.02,Debit
1349,13,2023-05-29,14654.04,Credit
1350,132,2023-04-10,38345.48,Credit
1351,196,2023-02-18,29978.25,Credit
1352,140,2023-06-15,43634.91,Debit
1353,70,2023-12-17,34928.58,Debit
1354,25,2023-10-01,29044.33,Credit
1355,4,2023-03-12,25956.72,Debit
1356,200,2023-09-06,20658.53,Credit
1357,27,2023-04-22,7812.29,Credit
1358,213,2023-04-07,39775.83,Credit
1359,107,2023-08-24,45809.95,Credit
1360,210,2023-03-09,46178.15,Debit
1361,90,2023-06-09,34583.43,Credit
1362,210,2023-08-15,44497.35,Debit
1363,45,2023-12-30,15303.74,Credit
1364,57,2023-03-07,42855.08,Credit
1365,177,2023-04-27,15440.67,Credit
1366,34,2023-02-10,21297.77,Credit
1367,20,2023-01-10,38757.15,Debit
1368,11,2023-04-11,5480.09,Credit
1369,121,2023-03-02,45435.61,Credit
1370,17,2023-06-04,33412.56,Credit
1371,201,2023-03-05,46012.89,Credit
1372,151,2023-04-13,9320.61,Debit
1373,8,2023-02-16,7363.29,Debit
1374,243,2023-10-24,17457.04,Credit
1375,219,2023-09-14,39062.03,Credit
1376,130,2023-10-19,3510.02,Credit
1377,136,2023-04-22,35819.0,Debit
1378,44,2023-10-03,316.01,Credit
1379,237,2023-04-20,46031.81,Debit
1380,94,2023-12-24,29510.09,Debit
1381,173,2023-02-24,9124.34,Debit
1382,98,2023-08-06,10792.27,Credit
1383,105,2023-02-27,38094.33,Debit
1384,32,2023-08-27,5604.78,Credit
1385,127,2023-07-04,35266.07,Credit
1386,22,2023-06-17,24736.27,Debit
1387,73,2023-08-22,30059.44,Debit
1388,176,2023-08-16,11371.08,Debit
1389,75,2023-08-08,9520.37,Credit
1390,230,2023-09-01,46960.19,Debit
1391,46,2023-01-07,49936.29,Debit
1392,173,2023-02-23,19878.85,Credit
1393,31,2023-03-15,19801.09,Credit
1394,190,2023-03-28,3329.05,Credit
1395,87,2023-04-13,29788.55,Debit
1396,32,2023-04-30,41921.65,Debit
1397,72,2023-10-25,29723.13,Debit
1398,92,2023-09-01,33367.18,Debit
1399,125,2023-09-19,14016.64,Debit
1400,28,2023-03-04,12609.42,Debit
1401,60,2023-11-18,47125.91,Credit
1402,26,2023-01-28,41532.59,Debit
1403,174,2023-01-14,48606.42,Debit
1404,155,2023-12-14,16415.1,Debit
1405,160,2023-11-16,4907.05,Credit
1406,170,2023-09-24,38401.85,Debit
1407,52,2023-05-31,33138.45,Debit
1408,130,2023-05-14,27167.66,Credit
1409,244,2023-01-17,49536.51,Credit
1410,99,2023-08-19,15796.5,Debit
1411,114,2023-08-24,1895.46,Credit
1412,143,2023-12-04,43032.0,Debit
1413,227,2023-12-28,8290.8,Debit
1414,35,2023-06-09,35814.59,Debit
1415,196,2023-02-26,28485.88,Debit
1416,169,2023-10-11,34300.17,Debit
1417,122,2023-10-15,42732.14,Credit
1418,101,2023-05-15,24785.09,Debit
1419,158,2023-12-13,17702.91,Debit
1420,83,2023-02-01,1504.53,Credit
1421,33,2023-07-07,17508.95,Credit
1422,196,2023-11-17,17128.7,Credit
1423,110,2023-06-26,49598.08,Debit
1424,90,2023-01-29,33095.88,Credit
1425,61,2023-11-28,15673.77,Credit
1426,234,2023-12-19,3368.46,Debit
1427,30,2023-06-22,8571.98,Debit
1428,10,2023-08-24,32922.61,Debit
1429,146,2023-09-21,45080.35,Debit
1430,6,2023-12-23,23538.03,Credit
1431,82,2023-07-13,28560.64,Debit
1432,147,2023-02-20,40435.5,Credit
1433,177,2023-12-12,10374.82,Debit
1434,129,2023-12-08,17043.02,Debit
1435,94,2023-08-12,10167.76,Credit
1436,216,2023-10-02,10782.6,Debit
1437,13,2023-06-02,49811.76,Debit
1438,206,2023-04-26,31266.16,Credit
1439,184,2023-10-24,4827.21,Debit
1440,70,2023-02-04,28364.77,Debit
1441,110,2023-04-18,17431.09,Credit
1442,167,2023-06-04,25281.51,Debit
1443,111,2023-12-06,27043.38,Credit
1444,107,2023-07-25,12638.11,Debit
1445,172,2023-10-08,9111.98,Credit
1446,161,2023-12-27,25859.58,Credit
1447,148,2023-09-13,10726.34,Debit
1448,69,2023-11-23,26682.69,Debit
1449,240,2023-10-17,36358.09,Credit
1450,134,2023-04-13,18277.31,Credit
1451,62,2023-03-19,37347.03,Debit
1452,217,2023-08-11,20571.99,Credit
1453,163,2023-04-15,42313.75,Debit
1454,211,2023-05-27,32337.53,Debit
1455,176,2023-11-04,11882.88,Credit
1456,30,2023-03-18,9676.61,Credit
1457,205,2023-06-08,23261.57,Debit
1458,109,2023-11-28,45292.22,Credit
1459,41,2023-05-20,6907.89,Debit
1460,203,2023-05-23,32967.67,Credit
1461,165,2023-01-22,48192.97,Debit
1462,201,2023-01-11,2860.83,Credit
1463,81,2023-11-05,14969.16,Credit
1464,231,2023-07-28,44848.98,Credit
1465,102,2023-03-13,11878.45,Credit
1466,134,2023-12-07,41466.18,Debit
1467,128,2023-02-16,11980.04,Credit
1468,198,2023-06-10,16531.37,Debit
1469,207,2023-05-01,46781.45,Credit
1470,37,2023-02-24,8840.2,Debit
1471,113,2023-07-29,12789.87,Credit
1472,126,2023-10-01,18797.78,Credit
1473,82,2023-10-07,21246.69,Credit
1474,247,2023-05-23,43983.73,Credit
1475,93,2023-09-01,35811.99,Debit
1476,6,2023-11-27,48343.58,Credit
1477,216,2023-12-06,39967.17,Credit
1478,177,2023-12-10,12059.82,Debit
1479,80,2023-11-24,47928.33,Debit
1480,232,2023-12-17,6190.48,Credit
1481,220,2023-08-15,19484.7,Debit
1482,238,2023-05-11,15114.32,Credit
1483,77,2023-04-18,42984.9,Credit
1484,235,2023-08-13,31604.5,Debit
1485,203,2023-01-18,13774.42,Credit
1486,211,2023-09-09,23607.46,Debit
1487,238,2023-06-20,35897.56,Credit
1488,212,2023-03-24,34954.26,Credit
1489,91,2023-08-04,30145.59,Debit
1490,117,2023-12-22,1464.81,Credit
1491,165,2023-11-25,9268.61,Debit
1492,203,2023-11-25,6891.0,Debit
1493,52,2023-11-18,15346.82,Credit
1494,29,2023-03-22,12555.22,Credit
1495,217,2023-11-01,34319.09,Debit
1496,116,2023-09-02,43687.94,Credit
1497,67,2023-03-30,34404.6,Debit
1498,205,2023-05-25,10013.32,Debit
1499,95,2023-04-04,19735.36,Debit
1500,242,2023-10-20,11301.91,Credit
1501,237,2023-10-13,32390.62,Credit
1502,233,2023-02-15,48708.97,Credit
1503,68,2023-12-26,42606.36,Credit
1504,103,2023-11-13,21502.28,Debit
1505,39,2023-02-15,47905.84,Credit
1506,243,2023-10-18,5955.79,Debit
1507,198,2023-08-21,41380.15,Debit
1508,31,2023-04-25,35706.83,Credit
1509,243,2023-05-17,14469.3,Debit
1510,98,2023-03-08,21622.3,Credit
1511,154,2023-04-21,49760.85,Debit
1512,187,2023-12-13,9549.22,Credit
1513,105,2023-03-16,1535.78,Debit
1514,61,2023-11-13,22603.74,Credit
1515,95,2023-10-26,34244.93,Debit
1516,22,2023-01-06,23497.19,Debit
1517,250,2023-12-21,19937.98,Credit
1518,183,2023-07-16,35451.81,Debit
1519,19,2023-02-18,27894.3,Credit
1520,86,2023-05-01,23599.53,Debit
1521,156,2023-12-10,48363.77,Credit
1522,2,2023-05-10,25276.65,Debit
1523,78,2023-07-22,33595.97,Credit
1524,248,2023-10-14,2152.14,Credit
1525,67,2023-03-28,25236.96,Debit
1526,225,2023-08-28,6682.78,Debit
1527,182,2023-09-29,21703.19,Debit
1528,30,2023-06-10,2303.69,Credit
1529,128,2023-05-24,37416.39,Debit
1530,73,2023-05-15,30685.29,Debit
1531,133,2023-06-10,21845.19,Credit
1532,81,2023-09-09,38207.4,Credit
1533,143,2023-12-03,31868.94,Debit
1534,14,2023-04-07,7516.18,Credit
1535,47,2023-01-19,23565.35,Credit
1536,181,2023-08-28,21877.85,Debit
1537,11,2023-08-15,17890.35,Debit
1538,118,2023-09-10,5713.3,Credit
1539,32,2023-06-28,4769.54,Debit
1540,47,2023-03-28,37521.84,Debit
1541,145,2023-12-06,29325.3,Credit
1542,135,2023-10-20,9110.39,Credit
1543,64,2023-09-13,33877.73,Debit
1544,7,2023-05-26,34097.49,Credit
1545,101,2023-07-11,29557.89,Credit
1546,215,2023-06-15,7773.4,Credit
1547,118,2023-12-29,33011.01,Debit
1548,161,2023-05-18,29750.79,Credit
1549,85,2023-01-23,32843.02,Debit
1550,84,2023-10-19,6553.08,Credit
1551,206,2023-11-26,14219.41,Credit
1552,191,2023-02-06,27403.1,Debit
1553,24,2023-07-24,12832.68,Credit
1554,248,2023-07-24,4550.5,Credit
1555,42,2023-07-18,38996.68,Debit
1556,166,2023-12-01,7791.32,Debit
1557,126,2023-08-10,36820.88,Debit
1558,232,2023-12-17,30215.33,Debit
1559,171,2023-02-19,41619.44,Credit
1560,126,2023-08-17,44282.11,Debit
1561,69,2023-10-16,30057.0,Credit
1562,194,2023-08-05,40568.62,Credit
1563,112,2023-11-19,21358.25,Credit
1564,132,2023-06-24,48666.26,Credit
1565,166,2023-12-18,35710.41,Debit
1566,135,2023-11-19,32396.55,Credit
1567,75,2023-08-28,21924.04,Debit
1568,77,2023-03-18,49210.89,Debit
1569,216,2023-05-08,26202.29,Debit
1570,146,2023-01-25,27594.62,Credit
1571,132,2023-02-25,25581.51,Debit
1572,25,2023-08-26,33076.68,Debit
1573,91,2023-05-11,29319.84,Credit
1574,30,2023-12-05,23197.66,Credit
1575,216,2023-07-21,2358.41,Debit
1576,225,2023-12-27,14952.61,Debit
1577,194,2023-12-10,22552.4,Debit
1578,88,2023-04-06,10632.31,Credit
1579,192,2023-11-06,13039.95,Credit
1580,112,2023-10-01,993.97,Debit
1581,30,2023-01-07,8669.59,Debit
1582,118,2023-12-21,20314.07,Debit
1583,78,2023-11-13,40675.31,Debit
1584,177,2023-12-11,48160.77,Debit
1585,206,2023-06-04,4472.99,Credit
1586,4,2023-04-08,5684.43,Credit
1587,179,2023-04-07,42964.7,Credit
1588,124,2023-11-29,7343.19,Credit
1589,112,2023-11-17,42923.65,Credit
1590,23,2023-06-04,38509.09,Credit
1591,122,2023-08-05,1188.66,Credit
1592,232,2023-03-20,36965.18,Debit
1593,247,2023-09-06,23627.31,Debit
1594,150,2023-05-05,10146.79,Debit
1595,14,2023-06-20,492.93,Debit
1596,107,2023-09-11,36880.21,Debit
1597,10,2023-09-07,20044.05,Debit
1598,60,2023-02-01,26462.61,Debit
1599,148,2023-06-11,27707.46,Debit
1600,229,2023-11-28,20915.16,Debit
1601,30,2023-09-11,31172.56,Debit
1602,115,2023-12-24,21867.88,Credit
1603,74,2023-04-09,23515.1,Debit
1604,60,2023-09-17,11063.15,Debit
1605,236,2023-11-05,42687.34,Debit
1606,34,2023-05-31,36177.45,Debit
1607,246,2023-08-02,41670.73,Debit
1608,204,2023-08-30,40007.78,Credit
1609,160,2023-04-17,14194.62,Credit
1610,171,2023-09-05,6541.92,Credit
1611,41,2023-11-07,24660.07,Debit
1612,242,2023-09-10,15252.23,Credit
1613,143,2023-01-25,49963.14,Debit
1614,226,2023-05-14,17916.49,Credit
1615,45,2023-09-15,1695.3,Credit
1616,87,2023-08-09,5787.07,Credit
1617,31,2023-10-15,11282.37,Debit
1618,88,2023-07-01,38491.76,Debit
1619,230,2023-03-19,42685.07,Credit
1620,181,2023-01-26,46338.94,Debit
1621,205,2023-08-23,48136.09,Credit
1622,250,2023-02-24,39104.45,Credit
1623,211,2023-10-15,2194.27,Credit
1624,43,2023-11-19,5991.16,Credit
1625,234,2023-07-05,7935.92,Debit
1626,182,2023-08-15,38122.04,Debit
1627,188,2023-02-20,7799.36,Debit
1628,86,2023-03-12,6236.88,Credit
1629,113,2023-08-01,38484.04,Credit
1630,63,2023-08-31,17131.87,Credit
1631,22,2023-05-17,18684.57,Debit
1632,93,2023-11-19,33283.26,Credit
1633,193,2023-09-29,21143.94,Credit
1634,36,2023-08-08,20729.13,Debit
1635,230,2023-08-23,47596.84,Debit
1636,242,2023-01-16,22184.68,Credit
1637,184,2023-09-22,47187.78,Credit
1638,87,2023-06-11,20142.38,Credit
1639,112,2023-02-01,19723.99,Credit
1640,170,2023-11-25,7632.51,Credit
1641,162,2023-12-05,43803.09,Debit
1642,108,2023-07-25,44300.56,Debit
1643,185,2023-06-10,45470.62,Credit
1644,212,2023-05-24,45020.41,Credit
1645,180,2023-07-26,22364.83,Credit
1646,228,2023-10-06,31255.55,Debit
1647,179,2023-06-26,44394.98,Debit
1648,199,2023-04-12,44060.64,Credit
1649,10,2023-10-03,16791.2,Credit
1650,134,2023-10-04,14268.0,Credit
1651,131,2023-10-10,15681.4,Debit
1652,194,2023-11-22,8085.36,Credit
1653,228,2023-10-04,29665.93,Credit
1654,214,2023-06-05,36352.81,Credit
1655,188,2023-01-31,42095.01,Debit
1656,161,2023-09-17,17788.22,Credit
1657,194,2023-11-30,47073.02,Debit
1658,77,2023-10-21,36869.25,Debit
1659,87,2023-05-01,40288.84,Credit
1660,90,2023-06-03,14298.32,Credit
1661,183,2023-07-13,26031.37,Credit
1662,27,2023-06-17,25870.95,Credit
1663,211,2023-07-04,22770.05,Credit
1664,183,2023-08-06,41439.04,Credit
1665,24,2023-02-01,21301.85,Credit
1666,122,2023-04-20,22363.59,Debit
1667,174,2023-09-27,20197.41,Debit
1668,224,2023-05-16,29256.76,Debit
1669,113,2023-12-19,46558.68,Debit
1670,188,2023-08-02,41208.21,Credit
1671,130,2023-03-07,24289.74,Debit
1672,34,2023-12-27,25707.96,Credit
1673,178,2023-04-19,22826.08,Credit
1674,192,2023-03-22,47209.07,Debit
1675,236,2023-03-02,30119.85,Debit
1676,29,2023-03-03,18542.34,Debit
1677,11,2023-09-25,7749.9,Debit
1678,79,2023-07-11,15232.68,Debit
1679,8,2023-03-15,7192.78,Debit
1680,13,2023-06-06,44463.95,Credit
1681,47,2023-09-08,204.08,Debit
1682,18,2023-01-23,20937.0,Debit
1683,145,2023-08-20,45024.34,Debit
1684,122,2023-11-07,6727.2,Credit
1685,130,2023-11-22,23100.71,Debit
1686,171,2023-08-18,7534.23,Debit
1687,23,2023-11-16,33258.67,Debit
1688,100,2023-04-30,45022.2,Debit
1689,139,2023-01-24,47908.17,Debit
1690,189,2023-05-23,32331.23,Credit
1691,182,2023-01-13,28642.54,Debit
1692,144,2023-11-27,6276.7,Credit
1693,50,2023-11-13,27137.53,Credit
1694,246,2023-10-19,26135.51,Debit
1695,129,2023-01-10,6102.13,Credit
1696,247,2023-01-10,13820.63,Credit
1697,63,2023-12-28,41961.98,Debit
1698,22,2023-10-01,30382.06,Debit
1699,151,2023-01-24,24624.5,Credit
1700,88,2023-08-12,9107.35,Credit
1701,221,2023-09-28,15937.38,Debit
1702,24,2023-02-28,48991.33,Credit
1703,74,2023-03-15,9215.18,Credit
1704,40,2023-06-07,47613.02,Credit
1705,16,2023-11-11,48060.05,Credit
1706,7,2023-01-30,14971.41,Credit
1707,82,2023-03-14,20699.86,Debit
1708,67,2023-07-12,47084.72,Credit
1709,14,2023-04-14,12057.19,Credit
1710,127,2023-09-18,37644.26,Debit
1711,244,2023-02-28,13537.45,Debit
1712,119,2023-10-11,20413.12,Debit
1713,8,2023-07-28,31713.71,Credit
1714,69,2023-10-11,48177.39,Credit
1715,64,2023-10-12,32612.39,Credit
1716,78,2023-10-18,20396.62,Credit
1717,217,2023-11-22,25071.58,Credit
1718,96,2023-10-04,49266.9,Credit
1719,138,2023-08-05,48071.47,Debit
1720,11,2023-01-01,40650.92,Debit
1721,168,2023-03-27,127.09,Debit
1722,70,2023-11-03,12619.36,Debit
1723,90,2023-11-20,10716.43,Debit
1724,12,2023-03-24,36985.23,Credit
1725,77,2023-02-15,19825.71,Credit
1726,213,2023-03-13,36281.18,Debit
1727,225,2023-08-10,10621.42,Debit
1728,227,2023-12-16,47275.88,Debit
1729,193,2023-12-29,22690.63,Credit
1730,170,2023-06-14,17147.33,Debit
1731,246,2023-11-03,16490.02,Credit
1732,166,2023-01-02,30478.46,Credit
1733,231,2023-01-05,33668.05,Debit
1734,143,2023-12-23,35194.65,Debit
1735,138,2023-02-11,39386.53,Credit
1736,138,2023-01-16,44639.35,Debit
1737,173,2023-03-05,17714.44,Debit
1738,212,2023-11-04,17962.49,Credit
1739,215,2023-12-23,49191.4,Credit
1740,119,2023-07-09,46818.77,Debit
1741,3,2023-04-24,37182.91,Debit
1742,175,2023-12-30,17955.27,Credit
1743,209,2023-11-11,31299.3,Credit
1744,60,2023-09-10,48368.1,Credit
1745,72,2023-09-10,45234.93,Credit
1746,2,2023-04-11,49214.75,Debit
1747,29,2023-05-23,28498.2,Debit
1748,44,2023-10-10,9769.14,Credit
1749,17,2023-10-29,6499.5,Credit
1750,33,2023-05-13,46684.81,Credit
1751,226,2023-09-25,36472.05,Debit
1752,50,2023-12-14,1253.56,Debit
1753,175,2023-10-14,44166.79,Credit
1754,241,2023-08-07,32084.22,Credit
1755,219,2023-06-15,21684.15,Debit
1756,71,2023-03-04,34040.66,Debit
1757,127,2023-07-05,25911.12,Credit
1758,227,2023-04-25,2443.54,Debit
1759,137,2023-08-18,15880.47,Debit
1760,50,2023-06-21,4182.26,Credit
1761,189,2023-04-26,48906.97,Debit
1762,246,2023-02-08,45858.06,Credit
1763,43,2023-06-18,15609.21,Credit
1764,8,2023-09-03,21654.25,Credit
1765,152,2023-11-17,46759.53,Debit
1766,64,2023-02-25,23731.47,Debit
1767,214,2023-01-28,41099.53,Credit
1768,242,2023-02-07,38809.9,Debit
1769,196,2023-02-18,31304.9,Credit
1770,22,2023-02-01,45844.05,Debit
1771,81,2023-12-22,3344.91,Credit
1772,16,2023-08-15,2833.96,Debit
1773,17,2023-02-22,33910.47,Credit
1774,76,2023-07-15,20143.98,Debit
1775,60,2023-11-03,39394.99,Credit
1776,117,2023-07-16,23264.03,Debit
1777,226,2023-11-14,30999.6,Debit
1778,167,2023-12-12,39168.16,Debit
1779,133,2023-06-18,29431.89,Credit
1780,27,2023-01-07,29799.24,Credit
1781,152,2023-04-10,45228.06,Credit
1782,164,2023-09-18,12888.68,Debit
1783,124,2023-11-14,22286.75,Credit
1784,36,2023-01-23,3118.51,Debit
1785,150,2023-08-12,25704.97,Debit
1786,80,2023-10-26,44272.57,Credit
1787,38,2023-08-29,15502.85,Debit
1788,75,2023-07-08,48516.53,Credit
1789,15,2023-05-02,25404.68,Credit
1790,109,2023-06-26,9850.82,Credit
1791,164,2023-04-14,39284.66,Debit
1792,49,2023-12-08,23838.68,Debit
1793,154,2023-12-21,16624.16,Debit
1794,158,2023-06-03,20992.89,Credit
1795,27,2023-08-21,43817.66,Credit
1796,127,2023-04-23,46005.68,Credit
1797,178,2023-04-28,23380.18,Credit
1798,62,2023-09-04,36755.85,Debit
1799,207,2023-07-12,10345.29,Credit
1800,212,2023-01-04,18204.58,Credit
1801,92,2023-01-16,27779.11,Credit
1802,75,2023-08-14,9800.73,Debit
1803,12,2023-01-16,10036.23,Debit
1804,45,2023-04-23,44280.57,Credit
1805,87,2023-10-11,12373.62,Credit
1806,6,2023-04-01,42159.78,Credit
1807,6,2023-12-13,6948.45,Credit
1808,87,2023-04-18,15323.11,Credit
1809,95,2023-07-10,33079.34,Debit
1810,225,2023-12-31,3362.34,Credit
1811,226,2023-03-08,39765.42,Credit
1812,137,2023-07-13,34748.26,Debit
1813,154,2023-08-08,48851.38,Credit
1814,236,2023-01-24,38177.81,Credit
1815,219,2023-10-02,14779.72,Credit
1816,84,2023-05-07,2757.62,Debit
1817,224,2023-03-06,42589.98,Debit
1818,54,2023-02-11,39254.79,Credit
1819,43,2023-09-18,19466.98,Debit
1820,128,2023-09-23,23266.94,Debit
1821,183,2023-07-11,26321.24,Debit
1822,184,2023-09-11,23740.53,Debit
1823,164,2023-10-26,32521.89,Credit
1824,57,2023-04-14,22658.8,Credit
1825,102,2023-04-22,15369.35,Debit
1826,147,2023-03-22,46781.4,Debit
1827,66,2023-10-09,4329.47,Credit
1828,76,2023-08-16,25989.15,Credit
1829,150,2023-01-22,23316.13,Debit
1830,110,2023-08-19,23430.79,Debit
1831,95,2023-09-12,15919.32,Debit
1832,7,2023-04-02,22140.26,Debit
1833,166,2023-02-08,18018.74,Credit
1834,76,2023-09-14,25688.27,Credit
1835,202,2023-05-22,46337.64,Credit
1836,31,2023-02-06,18075.82,Credit
1837,86,2023-04-11,33787.86,Debit
1838,78,2023-12-16,42287.87,Credit
1839,181,2023-11-06,49899.99,Debit
1840,3,2023-06-03,14164.08,Debit
1841,201,2023-07-26,47296.17,Credit
1842,121,2023-12-01,25681.08,Credit
1843,222,2023-07-23,11456.17,Credit
1844,122,2023-04-30,25839.68,Debit
1845,185,2023-08-25,17098.91,Credit
1846,81,2023-04-07,21496.77,Debit
1847,54,2023-08-13,22553.6,Credit
1848,96,2023-03-13,28917.67,Credit
1849,79,2023-01-05,25040.03,Debit
1850,87,2023-04-26,21015.45,Debit
1851,196,2023-12-20,26926.44,Debit
1852,151,2023-01-12,28422.11,Credit
1853,237,2023-03-13,7769.19,Debit
1854,146,2023-11-19,39977.37,Debit
1855,98,2023-04-15,47439.76,Credit
1856,137,2023-07-17,9498.1,Credit
1857,85,2023-10-19,48100.71,Debit
1858,24,2023-03-29,5305.23,Credit
1859,9,2023-12-19,30207.86,Credit
1860,48,2023-04-12,3567.6,Debit
1861,73,2023-04-16,11728.67,Credit
1862,117,2023-01-30,18495.75,Credit
1863,44,2023-06-17,42999.4,Debit
1864,101,2023-03-22,49480.8,Credit
1865,138,2023-08-03,23964.73,Credit
1866,100,2023-04-16,6583.62,Credit
1867,80,2023-08-10,40913.02,Debit
1868,41,2023-11-06,28797.06,Debit
1869,151,2023-04-14,25173.5,Debit
1870,71,2023-04-14,471.42,Credit
1871,115,2023-02-02,41246.67,Credit
1872,135,2023-06-18,45524.1,Debit
1873,118,2023-08-25,28849.02,Credit
1874,74,2023-11-27,44061.6,Debit
1875,89,2023-12-25,42147.71,Debit
1876,101,2023-11-10,41189.14,Credit
1877,107,2023-05-08,9060.95,Debit
1878,118,2023-07-16,45550.57,Credit
1879,179,2023-10-19,4867.16,Credit
1880,62,2023-03-22,13761.44,Debit
1881,171,2023-02-04,34932.4,Credit
1882,233,2023-09-10,20622.78,Credit
1883,95,2023-02-09,37794.3,Debit
1884,105,2023-08-19,8325.47,Credit
1885,130,2023-01-23,23162.16,Credit
1886,164,2023-12-22,33813.54,Debit
1887,98,2023-06-25,37323.28,Credit
1888,102,2023-01-20,635.79,Credit
1889,182,2023-03-11,16422.81,Debit
1890,125,2023-08-25,3505.03,Credit
1891,183,2023-08-13,7098.76,Debit
1892,216,2023-03-24,8612.4,Credit
1893,156,2023-02-21,8944.11,Credit
1894,137,2023-07-20,8505.82,Credit
1895,174,2023-05-20,7759.47,Debit
1896,46,2023-04-21,35749.17,Credit
1897,114,2023-12-23,2483.03,Credit
1898,100,2023-12-20,15485.38,Credit
1899,154,2023-01-03,2528.37,Debit
1900,197,2023-04-14,46448.15,Debit
1901,233,2023-05-03,10079.29,Credit
1902,108,2023-01-15,49465.6,Debit
1903,211,2023-04-09,34029.98,Credit
1904,57,2023-02-19,39866.52,Credit
1905,186,2023-03-27,2296.22,Credit
1906,209,2023-06-17,16201.71,Credit
1907,160,2023-04-17,46722.94,Debit
1908,241,2023-08-08,6128.12,Credit
1909,28,2023-07-02,16236.05,Credit
1910,103,2023-12-01,15880.39,Debit
1911,55,2023-08-23,11082.8,Debit
1912,167,2023-11-16,18512.1,Credit
1913,227,2023-04-22,20613.73,Debit
1914,27,2023-12-31,26855.46,Credit
1915,65,2023-02-18,30033.37,Debit
1916,174,2023-12-22,6733.28,Credit
1917,163,2023-12-19,15966.55,Debit
1918,18,2023-06-21,980.68,Debit
1919,98,2023-09-19,32065.54,Credit
1920,129,2023-10-28,35260.99,Credit
1921,60,2023-01-11,30855.8,Credit
1922,80,2023-05-02,36921.87,Credit
1923,159,2023-02-10,3090.16,Debit
1924,128,2023-06-01,10180.39,Debit
1925,53,2023-11-25,1991.55,Debit
1926,190,2023-06-18,6799.92,Debit
1927,165,2023-01-21,26091.56,Debit
1928,166,2023-05-28,37552.49,Credit
1929,217,2023-06-19,17202.15,Credit
1930,139,2023-01-28,45340.94,Credit
1931,206,2023-12-18,34844.27,Credit
1932,156,2023-07-15,26121.45,Credit
1933,114,2023-11-19,401.53,Debit
1934,18,2023-04-09,2700.13,Credit
1935,241,2023-04-15,6365.49,Credit
1936,152,2023-10-09,41577.92,Credit
1937,61,2023-09-17,4000.41,Debit
1938,80,2023-03-26,36111.52,Credit
1939,109,2023-04-01,30331.98,Debit
1940,74,2023-10-23,22468.73,Credit
1941,70,2023-09-04,4092.8,Debit
1942,102,2023-07-13,8471.53,Debit
1943,109,2023-09-16,30508.77,Debit
1944,195,2023-03-21,40998.23,Debit
1945,6,2023-07-15,21427.12,Credit
1946,195,2023-06-03,29799.65,Credit
1947,142,2023-03-31,12938.86,Debit
1948,79,2023-08-21,14232.96,Debit
1949,19,2023-06-20,6919.15,Debit
1950,51,2023-03-21,45814.98,Credit
1951,4,2023-09-14,36545.4,Debit
1952,126,2023-07-27,46291.98,Debit
1953,249,2023-07-11,19263.47,Debit
1954,165,2023-10-29,3654.59,Credit
1955,236,2023-03-05,19302.82,Credit
1956,50,2023-08-12,47859.13,Debit
1957,131,2023-12-30,24482.23,Debit
1958,179,2023-01-30,32580.23,Debit
1959,189,2023-05-07,12193.41,Credit
1960,236,2023-07-05,31584.54,Credit
1961,179,2023-12-07,32302.14,Debit
1962,155,2023-08-22,47218.83,Credit
1963,66,2023-05-07,30147.25,Credit
1964,4,2023-03-01,38571.51,Debit
1965,102,2023-12-28,29349.41,Credit
1966,133,2023-04-07,43812.71,Credit
1967,213,2023-08-07,12718.27,Debit
1968,129,2023-09-30,32958.45,Debit
1969,151,2023-06-07,36723.28,Credit
1970,28,2023-11-22,28673.32,Debit
1971,209,2023-03-15,13524.16,Credit
1972,239,2023-07-23,34980.55,Credit
1973,44,2023-09-09,178.77,Credit
1974,199,2023-12-23,20950.2,Debit
1975,168,2023-05-28,36678.81,Credit
1976,46,2023-07-11,9401.36,Credit
1977,51,2023-09-07,9181.02,Credit
1978,116,2023-10-18,40737.09,Credit
1979,52,2023-01-31,37520.8,Credit
1980,67,2023-07-29,22092.45,Credit
1981,223,2023-11-22,8389.69,Debit
1982,22,2023-07-13,6321.61,Credit
1983,88,2023-01-16,29323.76,Debit
1984,125,2023-12-11,38050.63,Credit
1985,16,2023-05-17,37614.75,Credit
1986,171,2023-10-26,39481.44,Credit
1987,25,2023-04-19,26164.49,Credit
1988,97,2023-11-05,26051.7,Debit
1989,239,2023-09-06,23714.27,Debit
1990,155,2023-08-08,16893.86,Debit
1991,81,2023-05-03,47055.45,Debit
1992,97,2023-11-09,2956.35,Debit
1993,224,2023-06-19,40332.88,Credit
1994,117,2023-12-24,20150.24,Credit
1995,7,2023-11-05,6232.44,Debit
1996,244,2023-12-25,37596.84,Credit
1997,95,2023-08-20,30955.75,Debit
1998,132,2023-07-31,33045.4,Credit
1999,164,2023-06-14,929.85,Debit
2000,224,2023-01-24,48482.92,Debit
2001,174,2023-08-16,11754.58,Debit
2002,103,2023-11-10,39718.62,Debit
2003,110,2023-09-01,49344.89,Credit
2004,188,2023-07-17,14763.76,Credit
2005,183,2023-03-15,43505.95,Credit
2006,33,2023-09-12,39861.36,Debit
2007,214,2023-12-11,49815.61,Debit
2008,44,2023-08-17,47757.06,Debit
2009,170,2023-10-04,12120.99,Credit
2010,44,2023-12-04,35025.46,Credit
2011,112,2023-01-15,8095.74,Debit
2012,232,2023-07-16,38338.81,Credit
2013,185,2023-05-12,33330.04,Credit
2014,171,2023-03-11,46144.54,Debit
2015,24,2023-12-21,16706.78,Credit
2016,239,2023-10-22,38340.24,Credit
2017,165,2023-06-25,18912.82,Debit
2018,168,2023-11-25,39275.59,Debit
2019,207,2023-04-30,11255.19,Credit
2020,75,2023-02-14,5657.99,Debit
2021,190,2023-10-31,46866.81,Credit
2022,147,2023-07-08,6458.13,Debit
2023,245,2023-07-14,28888.15,Credit
2024,80,2023-02-01,29543.98,Credit
2025,217,2023-07-18,48994.49,Debit
2026,198,2023-07-06,39896.16,Credit
2027,134,2023-12-06,30120.72,Credit
2028,28,2023-07-22,558.51,Debit
2029,81,2023-03-16,40825.78,Debit
2030,215,2023-04-23,25041.65,Debit
2031,38,2023-11-04,14241.3,Credit
2032,154,2023-06-13,15513.68,Credit
2033,71,2023-12-28,28741.2,Credit
2034,127,2023-05-30,35236.61,Debit
2035,16,2023-06-20,7719.84,Credit
2036,218,2023-04-26,35050.33,Credit
2037,237,2023-04-02,42853.26,Debit
2038,77,2023-12-04,45627.58,Credit
2039,6,2023-10-08,19675.05,Debit
2040,174,2023-08-31,49516.68,Debit
2041,101,2023-02-06,26439.44,Debit
2042,73,2023-12-23,46160.88,Debit
2043,25,2023-03-09,16238.59,Credit
2044,218,2023-12-30,15273.29,Credit
2045,148,2023-03-12,22150.0,Debit
2046,75,2023-03-16,10567.34,Credit
2047,189,2023-11-30,555.71,Credit
2048,174,2023-03-17,18890.13,Debit
2049,174,2023-03-28,46306.67,Credit
2050,92,2023-08-31,9063.68,Credit
2051,31,2023-09-21,32539.88,Debit
2052,249,2023-03-18,31385.93,Debit
2053,63,2023-01-18,6028.25,Debit
2054,126,2023-06-04,34430.41,Credit
2055,168,2023-07-12,38814.91,Credit
2056,200,2023-08-26,43258.3,Debit
2057,71,2023-11-20,32694.45,Debit
2058,3,2023-03-03,5919.72,Credit
2059,126,2023-11-25,33472.73,Credit
2060,6,2023-10-28,28691.8,Debit
2061,71,2023-12-22,37293.43,Credit
2062,99,2023-09-05,49997.71,Debit
2063,77,2023-10-20,6349.3,Debit
2064,17,2023-10-03,9326.0,Credit
2065,101,2023-10-12,40891.4,Debit
2066,17,2023-09-23,41873.48,Credit
2067,193,2023-04-17,48287.48,Credit
2068,47,2023-11-03,34791.27,Credit
2069,143,2023-08-17,40045.6,Credit
2070,11,2023-03-07,28796.54,Credit
2071,23,2023-10-15,12912.35,Credit
2072,22,2023-03-05,25356.8,Debit
2073,248,2023-10-06,8663.0,Credit
2074,64,2023-06-03,2403.7,Debit
2075,169,2023-10-01,22301.52,Debit
2076,178,2023-06-10,26181.05,Debit
2077,156,2023-10-03,25578.46,Credit
2078,170,2023-01-23,11931.31,Credit
2079,37,2023-06-03,42818.65,Credit
2080,246,2023-03-10,30147.0,Credit
2081,152,2023-07-03,13942.05,Debit
2082,20,2023-10-09,12822.87,Debit
2083,167,2023-03-25,20062.96,Credit
2084,242,2023-05-11,33858.63,Credit
2085,138,2023-04-15,3620.85,Debit
2086,163,2023-12-23,32314.0,Debit
2087,145,2023-12-03,32423.78,Credit
2088,108,2023-03-20,15886.38,Debit
2089,98,2023-01-14,48204.48,Credit
2090,20,2023-05-19,6318.6,Credit
2091,176,2023-10-08,20398.39,Debit
2092,164,2023-02-15,18204.69,Debit
2093,200,2023-05-20,7401.85,Credit
2094,71,2023-01-06,4987.55,Credit
2095,97,2023-02-23,39158.41,Credit
2096,45,2023-09-27,36443.54,Debit
2097,151,2023-09-08,4867.47,Debit
2098,180,2023-10-20,43283.38,Debit
2099,156,2023-02-20,44838.86,Credit
2100,82,2023-07-19,9115.56,Debit
2101,123,2023-10-31,6465.85,Credit
2102,176,2023-09-20,35689.81,Credit
2103,37,2023-07-13,28421.28,Debit
2104,14,2023-11-24,48727.54,Credit
2105,174,2023-11-08,20970.36,Debit
2106,47,2023-08-13,49313.69,Debit
2107,129,2023-05-27,13863.57,Debit
2108,134,2023-04-28,15328.85,Credit
2109,243,2023-06-06,20385.09,Debit
2110,217,2023-02-16,31770.37,Credit
2111,187,2023-05-03,47248.86,Credit
2112,148,2023-01-30,4320.8,Debit
2113,142,2023-09-10,40436.51,Credit
2114,247,2023-08-06,33883.95,Credit
2115,123,2023-09-12,25799.07,Credit
2116,104,2023-01-08,30852.7,Credit
2117,183,2023-08-06,35159.33,Debit
2118,63,2023-12-05,47548.33,Credit
2119,156,2023-08-18,48235.9,Credit
2120,45,2023-02-08,18415.84,Credit
2121,132,2023-06-30,47628.93,Debit
2122,127,2023-07-14,8607.15,Credit
2123,87,2023-12-14,12563.28,Credit
2124,75,2023-06-03,24207.92,Debit
2125,55,2023-01-02,36927.48,Debit
2126,56,2023-06-06,46462.54,Credit
2127,240,2023-08-26,44635.45,Debit
2128,15,2023-07-02,393.97,Debit
2129,85,2023-06-02,17759.25,Credit
2130,90,2023-04-06,20163.2,Credit
2131,26,2023-08-09,24653.1,Credit
2132,136,2023-09-21,44935.65,Debit
2133,32,2023-09-07,444.83,Debit
2134,58,2023-08-29,19828.41,Debit
2135,94,2023-08-08,44620.45,Debit
2136,28,2023-08-13,32848.35,Debit
2137,42,2023-03-13,17751.52,Debit
2138,2,2023-07-03,44190.46,Credit
2139,29,2023-04-08,14316.5,Credit
2140,102,2023-08-04,37221.81,Credit
2141,42,2023-12-08,10029.7,Debit
2142,246,2023-12-07,49148.14,Credit
2143,108,2023-09-08,27551.17,Credit
2144,84,2023-07-24,25142.74,Debit
2145,34,2023-02-26,47888.16,Credit
2146,33,2023-03-21,17271.62,Credit
2147,197,2023-12-17,11901.6,Debit
2148,110,2023-11-02,36897.83,Debit
2149,123,2023-05-29,14182.95,Credit
2150,195,2023-08-08,12462.59,Credit
2151,187,2023-09-19,9424.33,Debit
2152,197,2023-02-28,43221.92,Credit
2153,171,2023-08-08,10000.78,Credit
2154,180,2023-09-15,30593.91,Credit
2155,219,2023-10-30,31482.5,Credit
2156,59,2023-03-03,6701.56,Credit
2157,71,2023-04-09,46462.01,Debit
2158,5,2023-11-12,10062.21,Credit
2159,98,2023-07-28,26296.06,Credit
2160,57,2023-06-22,21361.19,Credit
2161,131,2023-08-07,32229.27,Debit
2162,29,2023-05-18,18242.45,Debit
2163,183,2023-08-03,12423.73,Credit
2164,47,2023-01-21,126.74,Debit
2165,55,2023-05-27,23655.7,Credit
2166,111,2023-04-05,12687.93,Debit
2167,94,2023-06-21,15287.4,Credit
2168,172,2023-01-07,34179.78,Credit
2169,85,2023-07-04,37090.48,Debit
2170,191,2023-10-29,26490.22,Debit
2171,61,2023-11-29,13869.75,Debit
2172,23,2023-02-24,6611.22,Credit
2173,11,2023-10-28,48419.68,Credit
2174,50,2023-12-27,22343.91,Credit
2175,20,2023-10-07,30988.62,Debit
2176,186,2023-08-31,49483.27,Credit
2177,137,2023-03-20,2286.17,Credit
2178,108,2023-10-09,35609.0,Debit
2179,230,2023-07-07,22479.26,Credit
2180,234,2023-08-12,3478.65,Debit
2181,135,2023-09-15,39565.17,Credit
2182,154,2023-05-21,34865.64,Credit
2183,75,2023-01-24,47794.57,Credit
2184,204,2023-12-22,9590.53,Debit
2185,127,2023-12-17,26670.25,Credit
2186,43,2023-08-13,37561.32,Debit
2187,144,2023-07-19,20102.36,Debit
2188,53,2023-04-05,279.67,Credit
2189,152,2023-12-23,542.18,Debit
2190,129,2023-12-29,36056.9,Debit
2191,78,2023-04-23,14888.55,Debit
2192,142,2023-03-02,8638.34,Credit
2193,137,2023-05-02,14662.98,Credit
2194,242,2023-05-23,46369.67,Debit
2195,224,2023-01-27,32156.41,Credit
2196,211,2023-04-18,26776.29,Credit
2197,167,2023-06-27,31670.88,Debit
2198,84,2023-02-12,47326.75,Debit
2199,185,2023-03-10,20476.31,Debit
2200,84,2023-01-30,31335.17,Credit
2201,211,2023-07-02,11042.05,Debit
2202,46,2023-05-12,48583.07,Credit
2203,185,2023-12-19,19160.85,Debit
2204,223,2023-11-17,31751.85,Credit
2205,210,2023-08-15,11109.89,Debit
2206,53,2023-10-25,31527.05,Debit
2207,40,2023-08-17,11662.98,Debit
2208,95,2023-03-17,45118.19,Credit
2209,127,2023-04-03,23023.57,Credit
2210,49,2023-10-19,24576.87,Credit
2211,166,2023-05-25,1150.26,Credit
2212,227,2023-04-01,40893.21,Credit
2213,18,2023-03-15,3695.23,Credit
2214,117,2023-11-27,48522.23,Credit
2215,186,2023-09-27,6950.84,Credit
2216,155,2023-02-21,18955.97,Credit
2217,29,2023-01-07,38195.94,Credit
2218,34,2023-05-08,38528.87,Debit
2219,37,2023-11-18,30021.9,Credit
2220,246,2023-02-24,27164.27,Debit
2221,219,2023-12-29,4339.76,Credit
2222,123,2023-10-16,44630.28,Credit
2223,79,2023-06-19,23997.53,Credit
2224,15,2023-10-06,34632.86,Credit
2225,6,2023-01-23,5230.48,Debit
2226,27,2023-09-19,44334.2,Debit
2227,37,2023-01-01,45617.13,Credit
2228,59,2023-08-07,19330.61,Debit
2229,168,2023-05-27,11371.63,Debit
2230,176,2023-02-27,24641.85,Credit
2231,58,2023-02-22,47827.68,Debit
2232,92,2023-02-09,30823.27,Credit
2233,93,2023-02-13,44789.77,Credit
2234,46,2023-08-08,26570.98,Credit
2235,174,2023-08-06,7595.98,Debit
2236,160,2023-05-27,17484.45,Credit
2237,70,2023-09-13,33120.41,Debit
2238,208,2023-12-31,39954.31,Credit
2239,221,2023-03-18,38911.42,Credit
2240,82,2023-03-17,19590.92,Debit
2241,209,2023-02-04,5746.89,Debit
2242,246,2023-05-23,7318.92,Debit
2243,33,2023-04-04,38400.02,Debit
2244,82,2023-09-11,21249.22,Debit
2245,155,2023-11-22,16739.91,Credit
2246,99,2023-08-03,27512.03,Debit
2247,137,2023-10-02,41088.07,Debit
2248,22,2023-10-25,35774.56,Credit
2249,180,2023-02-14,11836.13,Credit
2250,53,2023-01-09,18183.68,Debit
2251,246,2023-03-10,46053.11,Credit
2252,234,2023-06-28,18106.84,Credit
2253,76,2023-08-24,7292.6,Debit
2254,63,2023-04-18,41408.31,Credit
2255,192,2023-03-12,5950.07,Credit
2256,97,2023-01-14,34836.51,Debit
2257,96,2023-01-28,35099.95,Credit
2258,123,2023-11-01,43536.8,Credit
2259,38,2023-07-07,7149.75,Credit
2260,20,2023-01-07,28502.24,Debit
2261,39,2023-04-04,23541.26,Credit
2262,192,2023-09-28,34958.34,Debit
2263,121,2023-07-30,36155.62,Debit
2264,201,2023-11-27,34792.83,Debit
2265,29,2023-03-21,3094.04,Credit
2266,155,2023-03-30,25214.44,Credit
2267,102,2023-08-05,34027.19,Debit
2268,142,2023-12-31,41492.96,Debit
2269,182,2023-04-27,21241.15,Credit
2270,70,2023-02-17,26122.9,Credit
2271,191,2023-04-19,20080.08,Credit
2272,57,2023-07-20,9266.32,Credit
2273,210,2023-12-21,23474.96,Debit
2274,168,2023-11-25,20314.48,Debit
2275,43,2023-01-28,40186.63,Debit
2276,50,2023-05-19,5509.2,Credit
2277,93,2023-11-05,38961.98,Debit
2278,8,2023-05-03,14182.13,Credit
2279,17,2023-04-19,29895.83,Debit
2280,49,2023-10-10,10166.12,Credit
2281,62,2023-05-18,4343.46,Credit
2282,145,2023-09-05,2379.46,Debit
2283,24,2023-06-08,523.09,Debit
2284,193,2023-05-25,47941.08,Credit
2285,81,2023-07-20,36311.84,Credit
2286,180,2023-12-12,4959.25,Debit
2287,230,2023-09-15,5140.04,Credit
2288,7,2023-10-28,39823.86,Debit
2289,151,2023-01-20,14576.96,Credit
2290,175,2023-08-26,4029.77,Credit
2291,244,2023-04-29,44231.66,Credit
2292,197,2023-03-24,49671.49,Debit
2293,115,2023-03-09,17017.13,Debit
2294,160,2023-08-09,2096.64,Debit
2295,62,2023-04-17,49850.77,Credit
2296,246,2023-03-20,28388.35,Debit
2297,25,2023-01-08,7216.86,Debit
2298,141,2023-02-14,24995.72,Debit
2299,81,2023-03-28,46709.39,Credit
2300,18,2023-05-24,28867.93,Debit
2301,23,2023-02-06,9041.39,Debit
2302,67,2023-08-31,48926.34,Debit
2303,167,2023-03-13,46997.49,Debit
2304,11,2023-07-06,42964.26,Debit
2305,105,2023-11-14,45865.29,Credit
2306,113,2023-07-07,25672.71,Debit
2307,96,2023-02-12,34141.82,Debit
2308,68,2023-12-16,2229.51,Credit
2309,190,2023-05-06,35017.29,Credit
2310,40,2023-02-23,14603.96,Credit
2311,146,2023-07-24,42706.08,Credit
2312,100,2023-08-25,33490.61,Debit
2313,120,2023-08-28,32159.98,Debit
2314,28,2023-02-13,9095.64,Credit
2315,235,2023-07-23,38434.01,Credit
2316,103,2023-06-18,3317.13,Debit
2317,155,2023-09-06,10710.5,Debit
2318,30,2023-05-23,22783.47,Credit
2319,243,2023-08-29,7361.14,Credit
2320,82,2023-10-18,1663.03,Debit
2321,16,2023-07-05,39499.0,Debit
2322,55,2023-01-28,10653.5,Credit
2323,244,2023-12-17,21203.73,Debit
2324,163,2023-04-01,4271.21,Credit
2325,71,2023-07-27,4177.28,Debit
2326,224,2023-08-03,26286.42,Debit
2327,48,2023-01-28,4712.82,Debit
2328,88,2023-06-02,8310.21,Debit
2329,242,2023-08-03,24133.1,Credit
2330,248,2023-12-23,21895.52,Debit
2331,211,2023-01-06,28089.33,Credit
2332,20,2023-12-08,28966.62,Credit
2333,83,2023-12-07,49319.76,Debit
2334,4,2023-03-19,44835.41,Credit
2335,128,2023-06-12,5768.98,Debit
2336,68,2023-09-24,36142.07,Debit
2337,242,2023-03-06,31751.22,Credit
2338,10,2023-04-22,37310.81,Credit
2339,108,2023-12-23,27349.7,Credit
2340,154,2023-07-13,10885.25,Credit
2341,244,2023-04-08,48590.05,Credit
2342,95,2023-07-06,907.94,Debit
2343,129,2023-03-05,34995.93,Debit
2344,106,2023-07-30,17651.28,Debit
2345,134,2023-06-21,5757.66,Credit
2346,118,2023-08-08,18718.76,Credit
2347,139,2023-08-12,19140.01,Debit
2348,163,2023-05-26,35134.42,Credit
2349,23,2023-02-23,4572.93,Credit
2350,158,2023-07-30,5273.4,Credit
2351,163,2023-08-16,25217.74,Credit
2352,171,2023-05-29,42600.09,Credit
2353,58,2023-08-21,27624.24,Credit
2354,51,2023-08-29,47532.52,Debit
2355,248,2023-08-26,20705.44,Debit
2356,2,2023-07-11,39131.58,Debit
2357,69,2023-12-04,13298.5,Debit
2358,173,2023-05-04,307.46,Debit
2359,9,2023-01-08,1409.72,Debit
2360,216,2023-09-23,41019.72,Debit
2361,86,2023-03-29,47962.11,Debit
2362,62,2023-10-12,48677.17,Credit
2363,158,2023-11-26,19726.56,Credit
2364,206,2023-10-23,21512.21,Debit
2365,187,2023-03-30,20215.64,Debit
2366,133,2023-03-23,21926.34,Credit
2367,182,2023-03-06,25262.43,Debit
2368,216,2023-11-18,45841.6,Credit
2369,243,2023-06-15,10267.75,Credit
2370,7,2023-08-12,675.75,Credit
2371,8,2023-11-13,35408.04,Credit
2372,147,2023-07-15,1361.96,Credit
2373,117,2023-11-21,31611.94,Debit
2374,48,2023-05-03,32660.88,Credit
2375,77,2023-04-10,26817.32,Credit
2376,186,2023-07-13,38542.54,Credit
2377,71,2023-02-12,46755.3,Credit
2378,164,2023-10-24,43360.26,Credit
2379,118,2023-11-02,6221.95,Credit
2380,73,2023-05-15,44740.78,Credit
2381,20,2023-09-11,42246.72,Credit
2382,101,2023-02-21,24602.74,Credit
2383,106,2023-02-07,24377.21,Credit
2384,54,2023-12-18,21053.37,Debit
2385,163,2023-08-19,40446.6,Credit
2386,77,2023-01-06,45191.54,Credit
2387,31,2023-06-25,49687.6,Debit
2388,158,2023-11-04,27369.49,Credit
2389,134,2023-05-11,46336.5,Credit
2390,156,2023-01-16,26844.11,Credit
2391,56,2023-07-06,5827.94,Credit
2392,8,2023-06-17,7014.39,Credit
2393,187,2023-12-21,46998.42,Debit
2394,71,2023-09-04,10041.95,Credit
2395,90,2023-12-29,27619.71,Debit
2396,120,2023-09-11,21859.49,Debit
2397,237,2023-04-09,12579.65,Credit
2398,176,2023-05-24,48097.38,Credit
2399,150,2023-10-28,15648.1,Credit
2400,245,2023-09-07,21730.24,Debit
2401,109,2023-11-02,37379.26,Debit
2402,160,2023-02-25,30404.05,Debit
2403,52,2023-10-18,17710.48,Credit
2404,116,2023-03-27,44483.54,Debit
2405,151,2023-07-29,14744.33,Debit
2406,102,2023-01-16,5821.03,Debit
2407,110,2023-04-06,17951.45,Credit
2408,56,2023-12-03,18645.85,Credit
2409,200,2023-06-10,6202.95,Debit
2410,177,2023-01-06,35868.45,Credit
2411,120,2023-10-18,39782.45,Credit
2412,144,2023-02-03,19340.99,Credit
2413,135,2023-04-22,5235.72,Debit
2414,184,2023-11-08,47318.93,Credit
2415,147,2023-11-27,21145.33,Debit
2416,82,2023-06-13,9987.71,Credit
2417,206,2023-09-10,24982.68,Debit
2418,108,2023-03-03,6292.22,Credit
2419,154,2023-06-17,29599.44,Credit
2420,148,2023-01-11,14323.34,Credit
2421,234,2023-08-25,14289.85,Debit
2422,10,2023-10-01,45909.92,Credit
2423,87,2023-11-27,911.99,Debit
2424,25,2023-08-01,36190.36,Debit
2425,82,2023-06-27,20077.18,Debit
2426,127,2023-11-10,2448.93,Debit
2427,179,2023-08-21,24717.5,Credit
2428,216,2023-07-11,46891.42,Credit
2429,8,2023-04-25,2486.93,Credit
2430,36,2023-02-23,49677.66,Debit
2431,58,2023-03-29,4492.03,Debit
2432,209,2023-10-03,49479.29,Credit
2433,67,2023-01-23,5629.1,Debit
2434,20,2023-05-16,16533.52,Debit
2435,70,2023-12-24,8599.9,Credit
2436,150,2023-08-24,6083.08,Debit
2437,221,2023-03-17,37676.44,Debit
2438,164,2023-08-17,33444.94,Credit
2439,148,2023-09-02,33097.32,Debit
2440,83,2023-09-05,11368.94,Debit
2441,197,2023-06-01,35597.93,Debit
2442,143,2023-05-05,33008.09,Credit
2443,178,2023-02-09,3849.71,Debit
2444,16,2023-04-19,755.09,Credit
2445,120,2023-07-17,9477.08,Credit
2446,88,2023-04-17,40718.37,Debit
2447,195,2023-06-09,35454.77,Credit
2448,218,2023-09-16,5372.46,Credit
2449,57,2023-07-06,19340.23,Debit
2450,223,2023-11-14,25721.86,Debit
2451,49,2023-02-05,13964.14,Credit
2452,176,2023-06-07,47579.58,Credit
2453,38,2023-08-25,43822.19,Credit
2454,62,2023-01-09,44715.49,Credit
2455,69,2023-01-15,23864.4,Debit
2456,91,2023-05-16,6004.48,Credit
2457,91,2023-08-09,10682.09,Debit
2458,129,2023-08-09,25445.55,Credit
2459,113,2023-05-20,18552.06,Credit
2460,167,2023-07-15,36626.88,Debit
2461,50,2023-05-31,9553.54,Credit
2462,153,2023-05-22,26525.18,Debit
2463,133,2023-08-10,5548.31,Credit
2464,166,2023-05-08,47952.69,Credit
2465,30,2023-01-28,44763.42,Debit
2466,62,2023-02-03,26653.37,Debit
2467,58,2023-11-14,35005.66,Debit
2468,101,2023-07-21,5155.08,Debit
2469,127,2023-04-16,8634.35,Credit
2470,89,2023-11-23,14470.83,Debit
2471,188,2023-01-02,4802.7,Debit
2472,190,2023-06-06,42642.94,Credit
2473,44,2023-06-11,34103.98,Credit
2474,48,2023-06-20,45003.47,Credit
2475,247,2023-01-07,33334.97,Debit
2476,86,2023-01-11,8958.0,Debit
2477,226,2023-02-09,8619.18,Credit
2478,153,2023-06-30,48480.12,Credit
2479,126,2023-05-07,23681.16,Credit
2480,210,2023-01-09,28406.61,Debit
2481,214,2023-04-27,26310.93,Credit
2482,194,2023-03-17,38785.3,Credit
2483,78,2023-06-21,22685.56,Debit
2484,140,2023-05-12,33204.09,Debit
2485,94,2023-08-23,776.7,Debit
2486,78,2023-12-30,16753.57,Debit
2487,29,2023-05-19,34320.63,Credit
2488,38,2023-07-30,42827.65,Credit
2489,92,2023-09-12,1642.14,Debit
2490,93,2023-04-16,37243.82,Credit
2491,236,2023-07-13,31972.81,Debit
2492,225,2023-11-17,33972.2,Debit
2493,246,2023-09-27,8830.12,Debit
2494,228,2023-06-19,19612.21,Debit
2495,242,2023-05-22,15535.23,Credit
2496,149,2023-09-24,35121.6,Credit
2497,111,2023-08-21,28376.46,Debit
2498,74,2023-02-26,48476.55,Debit
2499,238,2023-12-17,7441.84,Credit
2500,134,2023-05-29,31227.38,Credit
2501,78,2023-09-07,14484.17,Debit
2502,4,2023-08-21,2143.56,Debit
2503,212,2023-10-31,6259.44,Debit
2504,79,2023-01-03,21573.11,Credit
2505,13,2023-05-09,6972.17,Debit
2506,202,2023-09-15,33299.77,Credit
2507,245,2023-02-14,35688.54,Credit
2508,188,2023-04-11,21659.33,Credit
2509,75,2023-04-23,1703.62,Debit
2510,64,2023-12-14,31888.53,Debit
2511,103,2023-02-20,44662.38,Debit
2512,153,2023-06-09,8747.77,Debit
2513,174,2023-06-15,40238.57,Credit
2514,175,2023-04-13,12576.02,Debit
2515,142,2023-04-13,15123.01,Credit
2516,77,2023-10-18,46363.22,Debit
2517,140,2023-04-04,18860.7,Debit
2518,25,2023-03-12,26375.91,Debit
2519,129,2023-12-17,35658.67,Debit
2520,91,2023-08-07,23380.97,Debit
2521,119,2023-01-15,45636.66,Credit
2522,246,2023-08-04,4512.61,Credit
2523,158,2023-06-04,39352.94,Debit
2524,33,2023-11-14,27209.15,Debit
2525,14,2023-07-21,6384.2,Credit
2526,119,2023-09-23,23065.02,Credit
2527,22,2023-01-29,13581.72,Credit
2528,86,2023-11-01,4960.21,Debit
2529,145,2023-09-04,34560.59,Credit
2530,32,2023-10-27,33753.21,Credit
2531,180,2023-04-15,25861.58,Debit
2532,35,2023-04-25,44763.11,Credit
2533,78,2023-11-18,15613.45,Credit
2534,207,2023-09-06,31220.83,Credit
2535,30,2023-02-04,101.78,Credit
2536,134,2023-02-19,12435.58,Credit
2537,122,2023-01-13,41653.05,Debit
2538,101,2023-01-29,46309.62,Debit
2539,104,2023-09-05,49136.54,Credit
2540,216,2023-10-07,13087.55,Debit
2541,220,2023-12-03,30896.21,Debit
2542,38,2023-11-22,1180.73,Credit
2543,210,2023-12-03,12110.03,Credit
2544,122,2023-09-03,14572.81,Credit
2545,246,2023-10-29,24698.91,Debit
2546,101,2023-07-17,34912.87,Credit
2547,119,2023-08-02,40693.33,Credit
2548,8,2023-05-26,22908.41,Debit
2549,3,2023-10-25,15207.8,Debit
2550,11,2023-07-01,48143.55,Debit
2551,226,2023-08-23,13917.51,Credit
2552,92,2023-09-14,42806.39,Credit
2553,90,2023-12-28,26300.28,Credit
2554,45,2023-12-02,7655.0,Debit
2555,118,2023-03-13,13989.17,Debit
2556,237,2023-07-21,3503.68,Debit
2557,97,2023-08-30,30331.51,Credit
2558,148,2023-12-29,46377.87,Debit
2559,34,2023-12-24,16271.42,Debit
2560,150,2023-11-13,41511.32,Credit
2561,12,2023-01-16,42616.36,Credit
2562,60,2023-02-19,33296.52,Debit
2563,240,2023-12-14,23873.01,Credit
2564,198,2023-05-02,5361.05,Credit
2565,187,2023-07-16,37815.11,Debit
2566,237,2023-02-02,3190.14,Debit
2567,30,2023-01-20,42355.41,Credit
2568,114,2023-07-11,30366.01,Credit
2569,237,2023-03-31,16125.84,Debit
2570,97,2023-03-10,49444.66,Credit
2571,51,2023-05-10,24606.04,Debit
2572,58,2023-04-14,37133.48,Debit
2573,209,2023-09-28,40452.74,Credit
2574,23,2023-10-26,1309.73,Credit
2575,53,2023-01-18,40519.44,Credit
2576,93,2023-07-28,28457.92,Credit
2577,88,2023-04-05,34149.82,Debit
2578,49,2023-04-17,28561.47,Debit
2579,129,2023-06-30,17888.61,Credit
2580,206,2023-02-04,22000.02,Debit
2581,224,2023-02-06,28500.71,Credit
2582,201,2023-09-22,14981.53,Credit
2583,128,2023-04-29,2668.8,Debit
2584,6,2023-04-25,41084.26,Debit
2585,237,2023-05-09,19582.28,Debit
2586,18,2023-03-22,48408.93,Credit
2587,137,2023-10-22,12145.78,Debit
2588,103,2023-11-13,2926.75,Credit
2589,150,2023-08-30,46852.65,Debit
2590,168,2023-01-16,1710.51,Debit
2591,67,2023-04-13,16793.61,Credit
2592,36,2023-04-15,27399.66,Debit
2593,237,2023-12-06,45624.75,Credit
2594,61,2023-09-10,3738.3,Credit
2595,89,2023-02-06,47500.4,Credit
2596,228,2023-10-10,23990.7,Credit
2597,70,2023-01-22,5292.65,Debit
2598,130,2023-04-26,32551.81,Debit
2599,123,2023-06-05,39098.94,Credit
2600,6,2023-01-29,1415.06,Credit
2601,137,2023-11-08,43028.69,Credit
2602,142,2023-09-04,2701.81,Debit
2603,179,2023-03-06,21542.96,Debit
2604,141,2023-03-12,5867.6,Credit
2605,230,2023-11-12,49128.47,Debit
2606,91,2023-04-10,17221.97,Credit
2607,61,2023-04-29,4690.34,Credit
2608,59,2023-07-31,37399.04,Credit
2609,206,2023-01-08,43675.46,Credit
2610,209,2023-01-30,3922.92,Credit
2611,113,2023-04-03,14201.54,Debit
2612,90,2023-11-05,32794.93,Credit
2613,75,2023-03-08,30345.58,Debit
2614,169,2023-03-04,32863.86,Credit
2615,65,2023-10-06,10372.46,Debit
2616,230,2023-04-23,22232.74,Debit
2617,242,2023-07-07,39032.4,Debit
2618,223,2023-12-01,12285.87,Debit
2619,82,2023-12-24,27116.82,Credit
2620,14,2023-06-27,45031.23,Debit
2621,72,2023-02-10,10257.39,Credit
2622,216,2023-09-24,11603.74,Credit
2623,32,2023-07-10,36273.05,Credit
2624,10,2023-05-01,34947.26,Debit
2625,244,2023-02-28,1162.35,Credit
2626,70,2023-05-23,29453.18,Debit
2627,212,2023-02-13,3080.03,Debit
2628,127,2023-01-10,43152.36,Debit
2629,114,2023-01-23,11299.98,Debit
2630,48,2023-12-04,21611.14,Credit
2631,170,2023-06-06,1662.17,Debit
2632,240,2023-01-14,45511.69,Debit
2633,237,2023-05-15,40531.16,Credit
2634,194,2023-01-15,17113.12,Debit
2635,222,2023-08-07,39152.37,Credit
2636,207,2023-02-25,27709.38,Debit
2637,220,2023-10-01,23228.78,Debit
2638,42,2023-07-15,23419.89,Credit
2639,34,2023-01-08,14106.94,Debit
2640,22,2023-05-08,38589.83,Debit
2641,87,2023-10-20,19790.6,Debit
2642,93,2023-05-18,32995.57,Credit
2643,32,2023-06-07,28465.21,Debit
2644,215,2023-05-16,42394.87,Debit
2645,119,2023-01-09,22051.47,Debit
2646,10,2023-07-03,24062.37,Credit
2647,105,2023-01-30,29020.56,Credit
2648,71,2023-11-09,27617.25,Credit
2649,113,2023-04-03,12974.55,Debit
2650,67,2023-09-11,6448.4,Credit
2651,38,2023-11-13,32833.31,Credit
2652,30,2023-12-02,2021.24,Debit
2653,149,2023-06-12,2193.58,Credit
2654,16,2023-05-13,48766.59,Credit
2655,174,2023-06-30,27068.02,Credit
2656,154,2023-05-01,17551.51,Credit
2657,130,2023-08-16,5747.81,Credit
2658,61,2023-04-15,16356.87,Debit
2659,213,2023-12-15,20856.89,Debit
2660,225,2023-05-25,7239.67,Debit
2661,156,2023-07-04,16815.79,Debit
2662,230,2023-11-30,18798.31,Debit
2663,160,2023-01-16,8099.61,Credit
2664,75,2023-03-18,45602.45,Credit
2665,28,2023-11-08,10652.83,Debit
2666,131,2023-09-18,39195.01,Debit
2667,241,2023-04-21,19004.1,Credit
2668,169,2023-03-18,19116.37,Credit
2669,245,2023-02-09,47935.4,Credit
2670,145,2023-09-15,49890.87,Debit
2671,138,2023-03-04,42394.99,Credit
2672,156,2023-08-30,32993.97,Debit
2673,82,2023-05-18,9831.68,Debit
2674,234,2023-05-05,16501.36,Debit
2675,60,2023-08-22,15809.34,Credit
2676,178,2023-05-04,22305.87,Debit
2677,93,2023-02-10,17664.03,Credit
2678,235,2023-07-05,32701.16,Credit
2679,115,2023-08-03,11565.19,Credit
2680,237,2023-10-03,12322.7,Debit
2681,173,2023-10-27,33328.54,Debit
2682,204,2023-05-27,17144.43,Credit
2683,21,2023-07-29,21109.03,Credit
2684,148,2023-09-11,31668.23,Credit
2685,231,2023-04-03,43832.64,Credit
2686,43,2023-03-03,20989.42,Debit
2687,191,2023-02-21,6407.26,Credit
2688,214,2023-08-09,1294.18,Credit
2689,19,2023-03-09,25793.36,Debit
2690,232,2023-08-05,17782.95,Debit
2691,179,2023-10-13,12147.6,Debit
2692,31,2023-06-22,44881.57,Debit
2693,152,2023-11-08,30869.82,Credit
2694,19,2023-07-01,47500.96,Debit
2695,162,2023-08-19,37060.8,Debit
2696,75,2023-09-02,35035.67,Credit
2697,186,2023-10-29,45825.46,Credit
2698,39,2023-01-04,29718.31,Debit
2699,173,2023-11-29,22731.01,Debit
2700,113,2023-04-01,25482.49,Debit
2701,242,2023-02-19,11689.95,Debit
2702,88,2023-01-25,28250.15,Debit
2703,74,2023-06-15,19264.98,Credit
2704,245,2023-03-15,2192.53,Credit
2705,111,2023-09-23,13984.99,Debit
2706,26,2023-06-27,14311.07,Credit
2707,74,2023-05-21,24383.12,Credit
2708,227,2023-03-28,14495.09,Debit
2709,156,2023-02-24,46233.34,Debit
2710,37,2023-02-19,10421.47,Credit
2711,8,2023-11-03,45136.81,Credit
2712,2,2023-09-08,41641.97,Credit
2713,95,2023-04-15,14163.69,Debit
2714,188,2023-08-16,26092.61,Debit
2715,76,2023-02-26,35840.92,Credit
2716,114,2023-08-10,24713.45,Credit
2717,222,2023-03-12,49654.55,Credit
2718,248,2023-07-01,40201.69,Credit
2719,187,2023-02-08,16423.07,Debit
2720,71,2023-08-21,31568.13,Credit
2721,181,2023-12-19,15809.02,Credit
2722,111,2023-02-21,46625.16,Debit
2723,49,2023-10-13,33090.41,Credit
2724,243,2023-11-21,31401.52,Credit
2725,36,2023-10-28,18872.83,Credit
2726,173,2023-04-11,13337.77,Credit
2727,125,2023-04-06,36704.68,Debit
2728,34,2023-04-12,31775.16,Credit
2729,244,2023-09-22,42872.12,Credit
2730,1,2023-08-11,3456.34,Credit
2731,182,2023-04-02,2036.76,Debit
2732,158,2023-07-14,31588.22,Credit
2733,164,2023-06-28,24263.23,Credit
2734,225,2023-06-03,42050.52,Debit
2735,172,2023-09-06,24562.08,Debit
2736,154,2023-07-02,27216.32,Debit
2737,25,2023-04-23,5707.13,Debit
2738,108,2023-08-17,16337.31,Debit
2739,30,2023-04-01,23290.32,Debit
2740,170,2023-02-28,17444.17,Debit
2741,181,2023-03-07,38706.72,Debit
2742,216,2023-09-08,30092.83,Credit
2743,8,2023-05-29,13469.4,Credit
2744,228,2023-07-29,3134.08,Debit
2745,67,2023-12-12,15949.16,Debit
2746,208,2023-08-15,21317.44,Debit
2747,234,2023-01-28,13489.03,Credit
2748,87,2023-11-22,40944.38,Debit
2749,115,2023-07-29,11143.37,Credit
2750,138,2023-04-16,38999.64,Credit
2751,243,2023-11-11,30576.49,Credit
2752,155,2023-10-04,1094.0,Credit
2753,206,2023-07-14,4603.61,Debit
2754,234,2023-06-30,38365.42,Credit
2755,168,2023-01-26,25980.59,Debit
2756,138,2023-04-12,49262.34,Debit
2757,221,2023-04-28,14580.36,Credit
2758,234,2023-07-11,16641.96,Credit
2759,142,2023-05-08,47006.69,Credit
2760,217,2023-01-11,37780.58,Credit
2761,129,2023-07-23,39588.04,Credit
2762,41,2023-05-25,15143.18,Credit
2763,162,2023-12-19,12440.71,Debit
2764,192,2023-03-05,40668.49,Debit
2765,168,2023-07-25,6646.54,Debit
2766,221,2023-02-13,3918.7,Debit
2767,6,2023-01-08,37158.33,Credit
2768,25,2023-10-29,39651.74,Credit
2769,213,2023-11-07,42979.22,Debit
2770,109,2023-09-20,37199.82,Debit
2771,71,2023-08-23,10213.07,Debit
2772,249,2023-12-02,28852.44,Debit
2773,75,2023-08-08,4743.81,Debit
2774,144,2023-05-23,24219.14,Credit
2775,98,2023-01-09,49658.38,Debit
2776,244,2023-07-10,38158.75,Credit
2777,116,2023-04-25,28936.19,Credit
2778,102,2023-04-29,22409.56,Debit
2779,145,2023-02-25,32176.65,Debit
2780,37,2023-11-19,48793.29,Credit
2781,144,2023-03-28,10463.32,Debit
2782,152,2023-05-08,4286.05,Debit
2783,158,2023-08-31,26217.94,Credit
2784,16,2023-09-10,12675.99,Debit
2785,190,2023-06-22,41732.74,Credit
2786,83,2023-12-19,28309.09,Debit
2787,224,2023-01-03,13480.43,Credit
2788,194,2023-10-15,39755.32,Debit
2789,81,2023-11-30,11863.39,Debit
2790,182,2023-09-05,25770.11,Credit
2791,236,2023-02-23,21342.53,Credit
2792,97,2023-03-07,37868.65,Credit
2793,134,2023-03-04,8393.23,Debit
2794,223,2023-02-28,2049.19,Debit
2795,127,2023-03-29,31345.63,Debit
2796,36,2023-10-08,20965.55,Credit
2797,76,2023-03-02,21830.42,Debit
2798,185,2023-12-13,13628.27,Debit
2799,158,2023-07-10,28234.14,Credit
2800,37,2023-05-29,26210.24,Credit
2801,206,2023-11-11,47604.57,Debit
2802,133,2023-11-06,12636.84,Debit
2803,54,2023-06-19,46361.27,Credit
2804,43,2023-09-26,35782.56,Debit
2805,3,2023-06-12,20873.52,Credit
2806,121,2023-02-04,49666.18,Credit
2807,80,2023-12-26,9464.95,Credit
2808,138,2023-08-23,16618.65,Credit
2809,160,2023-08-28,29763.28,Credit
2810,90,2023-11-22,28001.89,Credit
2811,89,2023-11-18,805.06,Credit
2812,71,2023-05-26,41055.65,Debit
2813,150,2023-06-06,18427.01,Debit
2814,240,2023-05-11,28099.5,Credit
2815,20,2023-10-31,7705.85,Credit
2816,72,2023-04-02,13220.59,Credit
2817,33,2023-09-25,29407.12,Debit
2818,85,2023-10-22,38621.74,Debit
2819,248,2023-11-12,33458.0,Debit
2820,54,2023-03-28,233.27,Credit
2821,56,2023-02-16,46484.4,Credit
2822,37,2023-03-26,23825.65,Credit
2823,83,2023-02-09,44808.07,Credit
2824,36,2023-09-19,40381.0,Debit
2825,171,2023-08-30,16421.76,Credit
2826,62,2023-10-14,19723.01,Debit
2827,181,2023-08-31,17814.08,Debit
2828,136,2023-02-10,44175.95,Credit
2829,245,2023-03-27,47279.95,Debit
2830,183,2023-03-15,42009.82,Debit
2831,126,2023-12-22,39469.36,Credit
2832,143,2023-08-11,32639.4,Credit
2833,7,2023-07-07,42783.08,Debit
2834,187,2023-08-06,10767.62,Credit
2835,98,2023-07-11,9032.38,Credit
2836,51,2023-08-15,18113.47,Credit
2837,2,2023-10-28,15588.5,Credit
2838,234,2023-07-08,45798.77,Credit
2839,156,2023-05-20,1773.06,Debit
2840,165,2023-09-03,19974.87,Debit
2841,71,2023-11-17,2955.63,Credit
2842,221,2023-08-30,49861.86,Debit
2843,126,2023-03-30,23725.08,Credit
2844,10,2023-07-09,1538.96,Credit
2845,181,2023-04-01,43558.57,Credit
2846,22,2023-08-03,41719.82,Credit
2847,15,2023-08-16,31910.16,Credit
2848,81,2023-02-19,42908.73,Debit
2849,219,2023-04-10,32789.75,Credit
2850,86,2023-12-11,42426.68,Debit
2851,230,2023-12-30,8543.76,Debit
2852,133,2023-01-08,47033.2,Debit
2853,107,2023-12-08,33515.09,Credit
2854,50,2023-09-14,7460.95,Debit
2855,22,2023-03-30,22225.6,Debit
2856,156,2023-04-12,34466.96,Debit
2857,45,2023-11-22,37366.74,Credit
2858,80,2023-05-21,28071.91,Credit
2859,88,2023-08-27,28451.85,Credit
2860,145,2023-08-26,4499.28,Credit
2861,47,2023-02-14,9364.38,Credit
2862,197,2023-03-28,39457.96,Credit
2863,164,2023-07-11,23071.42,Credit
2864,79,2023-12-15,32151.64,Credit
2865,192,2023-03-09,15593.3,Debit
2866,181,2023-05-27,8982.4,Credit
2867,145,2023-06-11,20757.74,Credit
2868,70,2023-04-13,8937.89,Debit
2869,67,2023-12-24,22035.96,Credit
2870,126,2023-07-01,28976.94,Debit
2871,198,2023-11-25,26199.83,Credit
2872,10,2023-10-27,19345.47,Credit
2873,180,2023-08-11,17411.38,Debit
2874,54,2023-06-25,35012.73,Debit
2875,24,2023-09-20,38693.11,Debit
2876,56,2023-08-28,13116.21,Credit
2877,133,2023-12-04,31592.57,Debit
2878,36,2023-08-28,29382.36,Debit
2879,145,2023-07-13,32949.41,Credit
2880,83,2023-12-26,5320.19,Debit
2881,223,2023-01-05,8021.65,Debit
2882,86,2023-06-22,32429.28,Credit
2883,48,2023-07-03,15383.15,Debit
2884,140,2023-04-06,37627.05,Debit
2885,208,2023-11-12,22876.64,Debit
2886,188,2023-07-24,23731.25,Credit
2887,65,2023-07-11,30087.0,Debit
2888,174,2023-07-25,15078.65,Credit
2889,196,2023-09-17,5481.98,Debit
2890,199,2023-05-18,47703.7,Debit
2891,152,2023-01-15,8284.9,Credit
2892,237,2023-06-03,44341.1,Credit
2893,244,2023-10-18,37617.32,Credit
2894,170,2023-06-20,39449.61,Credit
2895,249,2023-02-16,15532.75,Credit
2896,206,2023-06-27,22989.8,Credit
2897,118,2023-01-01,32964.57,Credit
2898,227,2023-03-30,15133.99,Credit
2899,48,2023-05-01,42902.33,Debit
2900,24,2023-05-06,7791.48,Debit
2901,2,2023-09-02,8050.56,Credit
2902,121,2023-10-09,34370.64,Credit
2903,234,2023-08-30,33455.0,Debit
2904,181,2023-05-05,38176.5,Credit
2905,100,2023-03-07,15986.0,Credit
2906,103,2023-06-17,44911.26,Debit
2907,153,2023-07-21,26752.35,Debit
2908,126,2023-12-09,37047.41,Credit
2909,57,2023-11-08,8990.19,Credit
2910,95,2023-07-05,17058.56,Credit
2911,157,2023-11-03,37609.05,Credit
2912,166,2023-04-28,6990.19,Credit
2913,12,2023-04-19,15166.7,Credit
2914,87,2023-07-16,32736.84,Debit
2915,39,2023-05-26,15623.49,Debit
2916,9,2023-05-14,47929.79,Debit
2917,46,2023-03-25,19970.99,Credit
2918,120,2023-02-12,17379.71,Credit
2919,168,2023-07-27,40197.16,Credit
2920,42,2023-06-13,6524.1,Debit
2921,176,2023-08-21,678.27,Debit
2922,109,2023-01-28,15217.43,Debit
2923,190,2023-11-21,5886.33,Debit
2924,129,2023-07-10,39072.08,Debit
2925,217,2023-10-01,48591.34,Credit
2926,202,2023-04-02,49038.65,Debit
2927,223,2023-12-12,4092.45,Credit
2928,87,2023-12-29,29548.64,Credit
2929,132,2023-11-11,36408.68,Debit
2930,112,2023-01-25,23291.68,Credit
2931,32,2023-09-08,23066.51,Credit
2932,228,2023-11-03,34350.74,Debit
2933,109,2023-06-22,33782.31,Credit
2934,139,2023-05-17,9018.54,Debit
2935,107,2023-01-09,22393.83,Debit
2936,163,2023-01-19,29829.37,Debit
2937,188,2023-01-19,26610.3,Debit
2938,64,2023-03-31,4293.94,Credit
2939,33,2023-03-16,31682.71,Debit
2940,229,2023-05-21,17334.78,Debit
2941,177,2023-11-13,12280.63,Debit
2942,11,2023-02-09,16396.77,Credit
2943,38,2023-11-08,48844.48,Credit
2944,98,2023-09-20,49015.3,Credit
2945,87,2023-11-23,37488.42,Debit
2946,103,2023-01-12,9278.12,Debit
2947,185,2023-12-01,37159.98,Credit
2948,215,2023-08-10,48261.49,Credit
2949,147,2023-05-14,49746.43,Credit
2950,178,2023-01-26,18774.4,Debit
2951,56,2023-08-12,13811.86,Credit
2952,71,2023-09-14,33604.84,Debit
2953,233,2023-04-03,33942.59,Debit
2954,2,2023-07-28,10436.1,Debit
2955,169,2023-03-08,13810.96,Debit
2956,154,2023-11-22,15976.15,Credit
2957,58,2023-01-10,35479.52,Credit
2958,17,2023-11-10,14462.78,Debit
2959,151,2023-08-04,31775.16,Debit
2960,139,2023-07-19,23832.58,Credit
2961,88,2023-06-24,16050.18,Debit
2962,39,2023-08-25,42732.36,Debit
2963,54,2023-09-30,34916.5,Debit
2964,66,2023-07-26,1710.1,Credit
2965,162,2023-09-07,28110.15,Debit
2966,22,2023-04-17,37425.74,Debit
2967,78,2023-05-30,37567.79,Debit
2968,173,2023-08-28,1575.27,Credit
2969,160,2023-06-30,28288.13,Debit
2970,196,2023-01-12,37594.28,Debit
2971,143,2023-09-09,49485.04,Debit
2972,236,2023-10-03,6671.7,Credit
2973,25,2023-07-22,10993.44,Credit
2974,147,2023-05-29,9013.26,Credit
2975,197,2023-07-25,27548.51,Debit
2976,193,2023-04-22,20967.18,Debit
2977,82,2023-07-05,31550.76,Debit
2978,129,2023-10-02,26672.17,Credit
2979,220,2023-07-26,24792.18,Debit
2980,74,2023-08-19,7932.69,Credit
2981,103,2023-05-28,266.54,Debit
2982,196,2023-08-26,32843.91,Credit
2983,99,2023-10-25,32689.9,Debit
2984,106,2023-04-07,31857.2,Credit
2985,36,2023-11-09,31034.02,Credit
2986,154,2023-10-20,36634.18,Credit
2987,84,2023-11-09,12572.04,Debit
2988,176,2023-02-16,47597.12,Credit
2989,191,2023-11-04,44187.27,Debit
2990,142,2023-09-19,43185.57,Credit
2991,118,2023-07-08,36180.7,Credit
2992,45,2023-08-30,46863.33,Credit
2993,83,2023-03-09,14719.8,Credit
2994,53,2023-10-23,23112.86,Credit
2995,176,2023-11-05,22238.29,Credit
2996,204,2023-04-01,48642.98,Credit
2997,206,2023-11-06,41909.98,Credit
2998,63,2023-08-25,36130.11,Credit
2999,2,2023-01-17,34132.98,Debit
3000,222,2023-09-24,49777.17,Debit
3001,19,2023-08-02,47882.98,Credit
3002,184,2023-11-07,32389.76,Credit
3003,113,2023-09-04,41404.92,Credit
3004,75,2023-07-23,41432.56,Credit
3005,94,2023-07-24,35859.57,Debit
3006,110,2023-03-05,5270.79,Debit
3007,195,2023-10-24,37703.54,Credit
3008,185,2023-03-28,18386.58,Debit
3009,37,2023-05-05,39798.1,Credit
3010,68,2023-02-19,16568.28,Credit
3011,118,2023-12-30,24629.69,Credit
3012,194,2023-05-14,17187.9,Debit
3013,85,2023-08-19,35008.13,Debit
3014,153,2023-01-19,38090.0,Credit
3015,134,2023-05-28,1394.43,Debit
3016,145,2023-07-05,35718.78,Debit
3017,242,2023-03-23,28425.23,Debit
3018,122,2023-08-14,33696.61,Credit
3019,191,2023-12-22,6514.8,Debit
3020,220,2023-07-16,12939.56,Credit
3021,8,2023-04-19,29203.2,Credit
3022,150,2023-01-07,13045.12,Debit
3023,123,2023-11-13,45010.2,Debit
3024,165,2023-03-21,29398.06,Debit
3025,134,2023-07-11,18961.14,Debit
3026,166,2023-03-28,43552.03,Debit
3027,45,2023-09-05,44866.97,Credit
3028,172,2023-02-03,17184.11,Debit
3029,53,2023-04-25,7589.42,Credit
3030,167,2023-04-11,17889.42,Debit
3031,146,2023-11-23,45324.47,Credit
3032,190,2023-04-14,18241.66,Credit
3033,103,2023-11-17,5032.12,Debit
3034,130,2023-02-04,13646.53,Credit
3035,249,2023-01-29,22386.98,Credit
3036,63,2023-05-12,39883.77,Credit
3037,177,2023-11-30,42890.38,Credit
3038,177,2023-08-22,8953.79,Debit
3039,142,2023-05-23,4658.82,Credit
3040,188,2023-02-02,45316.43,Credit
3041,134,2023-06-05,3137.17,Credit
3042,63,2023-10-27,38107.86,Debit
3043,119,2023-02-20,26892.99,Credit
3044,82,2023-11-21,3745.42,Debit
3045,30,2023-08-15,4260.97,Credit
3046,26,2023-10-05,29509.86,Debit
3047,77,2023-10-19,579.16,Debit
3048,221,2023-02-27,36027.07,Debit
3049,200,2023-11-26,9820.46,Debit
3050,1,2023-05-09,37752.56,Debit
3051,127,2023-11-20,8908.94,Debit
3052,132,2023-05-26,47576.64,Debit
3053,68,2023-09-30,12526.2,Debit
3054,174,2023-10-15,25202.81,Debit
3055,29,2023-04-04,24430.26,Debit
3056,229,2023-09-18,23578.27,Credit
3057,46,2023-02-03,38045.85,Debit
3058,25,2023-08-15,17187.34,Credit
3059,50,2023-02-25,38166.35,Credit
3060,79,2023-09-14,15338.65,Debit
3061,27,2023-12-17,15073.06,Credit
3062,147,2023-12-11,7814.42,Credit
3063,50,2023-07-22,39311.98,Credit
3064,157,2023-12-06,7940.92,Debit
3065,168,2023-11-01,39458.56,Debit
3066,59,2023-05-15,23651.89,Debit
3067,95,2023-03-16,15381.0,Debit
3068,213,2023-06-11,22540.42,Debit
3069,145,2023-07-21,38158.49,Credit
3070,196,2023-07-26,2859.84,Debit
3071,91,2023-11-27,40288.0,Debit
3072,197,2023-05-21,1072.03,Credit
3073,54,2023-12-05,35861.97,Debit
3074,214,2023-07-11,1281.58,Debit
3075,203,2023-07-15,16351.69,Credit
3076,205,2023-04-21,30916.04,Debit
3077,220,2023-05-21,5431.05,Credit
3078,42,2023-06-16,36170.17,Debit
3079,244,2023-01-24,39083.27,Debit
3080,177,2023-12-28,24403.36,Debit
3081,156,2023-10-28,18813.45,Credit
3082,15,2023-11-24,17200.33,Debit
3083,113,2023-05-26,5640.44,Credit
3084,226,2023-02-07,16294.82,Debit
3085,212,2023-03-19,43710.14,Debit
3086,147,2023-04-13,28135.64,Debit
3087,63,2023-06-17,28679.39,Debit
3088,143,2023-09-29,40883.77,Credit
3089,36,2023-02-04,43549.19,Debit
3090,246,2023-07-04,45264.66,Debit
3091,192,2023-04-20,9288.59,Debit
3092,59,2023-08-24,18173.97,Credit
3093,174,2023-12-27,13025.39,Credit
3094,36,2023-03-03,32147.79,Debit
3095,102,2023-09-07,39925.04,Credit
3096,234,2023-09-20,18736.37,Debit
3097,9,2023-09-16,43666.74,Debit
3098,203,2023-10-03,24651.27,Debit
3099,163,2023-02-04,36748.25,Credit
3100,250,2023-10-13,39051.35,Credit
3101,205,2023-09-20,42330.34,Credit
3102,147,2023-08-28,30540.57,Credit
3103,193,2023-02-07,38379.05,Debit
3104,210,2023-05-22,23339.19,Credit
3105,167,2023-06-19,3743.99,Debit
3106,117,2023-09-28,39077.53,Debit
3107,228,2023-01-11,20133.16,Debit
3108,2,2023-11-16,41428.31,Credit
3109,3,2023-04-26,16186.98,Credit
3110,67,2023-04-25,29260.39,Debit
3111,137,2023-08-23,32715.27,Credit
3112,198,2023-10-22,46275.29,Credit
3113,49,2023-03-17,10386.59,Credit
3114,26,2023-01-14,26717.76,Credit
3115,200,2023-03-07,27049.8,Credit
3116,84,2023-06-11,46430.43,Credit
3117,52,2023-06-05,8248.12,Debit
3118,60,2023-04-22,38640.03,Credit
3119,36,2023-08-14,6243.19,Debit
3120,7,2023-08-16,43389.89,Credit
3121,98,2023-01-26,22395.94,Debit
3122,51,2023-04-16,38572.09,Credit
3123,24,2023-03-31,25384.5,Credit
3124,42,2023-04-18,6105.88,Debit
3125,190,2023-11-06,17983.68,Debit
3126,107,2023-04-08,10595.34,Credit
3127,205,2023-09-17,18056.94,Debit
3128,131,2023-02-27,47250.35,Credit
3129,2,2023-07-14,40190.24,Debit
3130,247,2023-02-21,17798.59,Debit
3131,215,2023-02-03,21764.03,Debit
3132,59,2023-12-26,4314.13,Debit
3133,225,2023-08-30,890.92,Debit
3134,187,2023-11-28,44876.83,Credit
3135,37,2023-05-08,8950.18,Credit
3136,33,2023-09-23,7872.34,Debit
3137,196,2023-01-20,3152.95,Credit
3138,222,2023-12-05,14724.92,Debit
3139,211,2023-03-22,21020.03,Credit
3140,240,2023-09-23,48268.48,Credit
3141,94,2023-02-26,39349.18,Credit
3142,128,2023-04-15,15372.63,Debit
3143,233,2023-05-16,31133.49,Credit
3144,201,2023-01-14,16645.94,Debit
3145,9,2023-03-15,45687.49,Credit
3146,139,2023-07-13,38148.86,Credit
3147,41,2023-02-21,845.43,Credit
3148,24,2023-08-03,49410.76,Credit
3149,248,2023-09-01,23275.22,Debit
3150,220,2023-10-02,22076.75,Credit
3151,80,2023-09-01,23527.4,Debit
3152,33,2023-06-15,32853.08,Debit
3153,245,2023-11-11,33454.75,Credit
3154,123,2023-09-10,37461.07,Credit
3155,33,2023-04-23,25785.23,Credit
3156,58,2023-12-04,4201.23,Credit
3157,184,2023-07-26,14186.76,Credit
3158,64,2023-04-26,12608.47,Debit
3159,85,2023-12-30,48700.44,Debit
3160,195,2023-03-09,16464.41,Debit
3161,170,2023-03-16,29010.49,Credit
3162,192,2023-07-17,31630.82,Credit
3163,47,2023-01-08,7233.43,Credit
3164,214,2023-05-02,8178.07,Debit
3165,3,2023-10-20,24090.74,Debit
3166,49,2023-11-18,43489.34,Debit
3167,116,2023-04-20,22714.36,Debit
3168,140,2023-08-14,5979.17,Debit
3169,168,2023-09-21,46201.89,Debit
3170,229,2023-04-06,12838.69,Debit
3171,198,2023-10-09,22870.17,Credit
3172,172,2023-06-25,38187.14,Debit
3173,17,2023-07-07,21383.07,Credit
3174,247,2023-10-06,6398.79,Credit
3175,250,2023-08-23,41520.89,Credit
3176,141,2023-12-31,14856.1,Debit
3177,79,2023-08-20,21864.59,Credit
3178,248,2023-09-16,9212.36,Credit
3179,37,2023-12-15,11170.67,Credit
3180,51,2023-07-01,26326.18,Credit
3181,145,2023-09-29,26299.76,Debit
3182,139,2023-04-28,34715.37,Credit
3183,96,2023-03-23,5096.89,Credit
3184,163,2023-11-21,42961.15,Credit
3185,216,2023-03-19,27087.0,Debit
3186,220,2023-04-14,13993.23,Debit
3187,76,2023-07-19,45057.74,Debit
3188,229,2023-09-01,23453.41,Credit
3189,185,2023-06-03,117.65,Debit
3190,182,2023-10-12,33439.2,Credit
3191,237,2023-11-10,29739.85,Credit
3192,16,2023-07-30,7101.13,Debit
3193,211,2023-03-24,38253.19,Credit
3194,101,2023-03-23,32339.62,Debit
3195,152,2023-04-10,12503.81,Debit
3196,19,2023-04-26,48171.53,Debit
3197,36,2023-07-25,6261.22,Credit
3198,53,2023-08-16,7206.18,Debit
3199,195,2023-06-17,637.37,Credit
3200,134,2023-06-09,26259.62,Debit
3201,60,2023-12-05,21969.77,Credit
3202,139,2023-11-09,22772.93,Credit
3203,226,2023-06-24,43774.25,Credit
3204,98,2023-05-11,5730.59,Debit
3205,110,2023-10-27,8505.95,Debit
3206,195,2023-05-30,11309.21,Credit
3207,23,2023-11-05,47990.75,Debit
3208,62,2023-12-07,24777.14,Debit
3209,108,2023-01-30,31939.19,Debit
3210,216,2023-05-22,45246.09,Debit
3211,108,2023-12-08,41831.18,Debit
3212,22,2023-01-07,5146.44,Debit
3213,63,2023-10-27,24799.31,Debit
3214,171,2023-05-17,5287.88,Debit
3215,144,2023-11-07,41886.86,Debit
3216,156,2023-09-23,43532.63,Debit
3217,11,2023-11-05,5479.1,Credit
3218,148,2023-02-18,5961.92,Credit
3219,93,2023-10-25,33663.21,Debit
3220,209,2023-07-21,35942.62,Credit
3221,89,2023-11-28,39428.0,Debit
3222,147,2023-09-25,1960.08,Debit
3223,209,2023-11-18,37244.88,Debit
3224,172,2023-01-14,10880.37,Credit
3225,7,2023-11-19,47302.89,Credit
3226,75,2023-07-31,40114.57,Debit
3227,218,2023-05-10,17993.59,Debit
3228,91,2023-05-08,13903.96,Credit
3229,84,2023-08-23,34985.31,Debit
3230,197,2023-03-24,10548.11,Debit
3231,190,2023-07-25,37690.63,Credit
3232,217,2023-09-13,42846.65,Debit
3233,91,2023-11-12,26957.91,Credit
3234,82,2023-06-06,5154.78,Credit
3235,164,2023-07-27,15714.92,Debit
3236,164,2023-04-06,37852.57,Credit
3237,68,2023-12-29,24323.49,Debit
3238,207,2023-08-13,44799.43,Credit
3239,246,2023-03-28,16205.71,Credit
3240,49,2023-10-25,15595.33,Debit
3241,194,2023-10-14,26958.89,Debit
3242,159,2023-12-23,3889.17,Credit
3243,24,2023-12-31,29938.67,Debit
3244,219,2023-05-15,7373.7,Debit
3245,137,2023-07-01,19898.16,Debit
3246,27,2023-05-31,30709.66,Credit
3247,83,2023-04-26,22182.55,Credit
3248,63,2023-10-08,7835.09,Debit
3249,7,2023-09-11,11300.98,Credit
3250,63,2023-04-26,22073.76,Credit
3251,38,2023-01-07,14909.98,Credit
3252,220,2023-11-10,24215.34,Debit
3253,107,2023-10-12,27606.19,Credit
3254,106,2023-04-06,42410.45,Debit
3255,161,2023-10-22,44441.35,Debit
3256,192,2023-05-14,35366.62,Debit
3257,206,2023-05-15,21622.6,Debit
3258,231,2023-05-01,16075.72,Debit
3259,20,2023-12-21,6811.19,Credit
3260,204,2023-10-03,28990.03,Credit
3261,235,2023-09-17,35446.86,Debit
3262,27,2023-11-06,11468.44,Debit
3263,184,2023-12-26,32283.8,Credit
3264,120,2023-05-18,28755.53,Credit
3265,118,2023-11-13,21949.76,Debit
3266,17,2023-03-29,1203.55,Debit
3267,144,2023-11-29,2971.53,Debit
3268,123,2023-12-28,7479.22,Debit
3269,17,2023-05-22,28530.71,Credit
3270,183,2023-11-03,24591.41,Credit
3271,102,2023-04-21,33123.86,Debit
3272,138,2023-12-23,33765.91,Debit
3273,60,2023-10-19,39940.98,Debit
3274,37,2023-10-04,49010.91,Debit
3275,221,2023-01-04,48547.34,Credit
3276,183,2023-07-03,29413.64,Credit
3277,158,2023-02-02,26535.62,Credit
3278,188,2023-04-10,12515.1,Credit
3279,214,2023-04-03,1571.43,Debit
3280,187,2023-03-03,16656.33,Credit
3281,243,2023-07-26,28742.74,Debit
3282,207,2023-07-28,19126.41,Debit
3283,36,2023-06-25,9231.18,Debit
3284,91,2023-04-01,35392.42,Debit
3285,128,2023-02-16,9309.86,Debit
3286,52,2023-04-27,17624.91,Credit
3287,87,2023-08-20,37615.59,Debit
3288,6,2023-11-07,3138.95,Credit
3289,175,2023-07-11,4864.97,Credit
3290,247,2023-09-28,727.67,Debit
3291,99,2023-06-06,1479.91,Debit
3292,220,2023-02-05,47790.01,Credit
3293,163,2023-11-14,24960.25,Credit
3294,250,2023-06-26,4938.59,Credit
3295,154,2023-07-11,28741.85,Debit
3296,181,2023-04-01,25415.7,Debit
3297,8,2023-11-15,2034.84,Credit
3298,207,2023-06-09,46758.12,Credit
3299,90,2023-12-16,9102.8,Credit
3300,231,2023-02-21,24932.79,Credit
3301,157,2023-06-22,46897.13,Debit
3302,201,2023-08-18,47206.15,Credit
3303,87,2023-05-07,18348.11,Credit
3304,246,2023-09-09,9498.18,Debit
3305,11,2023-07-03,3025.35,Debit
3306,208,2023-12-04,35411.11,Credit
3307,218,2023-09-24,4638.58,Debit
3308,234,2023-09-27,28193.54,Debit
3309,194,2023-10-07,32195.61,Debit
3310,83,2023-03-11,22450.44,Credit
3311,75,2023-11-17,21373.33,Debit
3312,97,2023-02-12,24574.22,Debit
3313,27,2023-06-14,28106.52,Debit
3314,79,2023-09-12,49615.14,Debit
3315,198,2023-12-17,34975.19,Credit
3316,49,2023-02-15,15425.28,Credit
3317,165,2023-06-10,36988.93,Credit
3318,13,2023-06-05,19306.58,Debit
3319,247,2023-10-03,2716.52,Debit
3320,190,2023-09-18,26246.82,Credit
3321,131,2023-07-09,34088.56,Credit
3322,234,2023-04-20,5022.67,Credit
3323,229,2023-04-24,35649.29,Credit
3324,183,2023-04-15,24814.23,Credit
3325,12,2023-07-15,10380.89,Credit
3326,237,2023-05-29,336.47,Credit
3327,169,2023-06-19,49221.66,Debit
3328,212,2023-04-27,18652.01,Debit
3329,12,2023-03-21,7169.3,Credit
3330,160,2023-12-09,12983.45,Debit
3331,175,2023-10-20,35537.6,Debit
3332,53,2023-12-01,36858.02,Debit
3333,105,2023-12-20,610.35,Debit
3334,97,2023-05-23,42147.45,Credit
3335,210,2023-09-07,12745.93,Credit
3336,161,2023-12-21,19833.88,Debit
3337,33,2023-12-06,34506.02,Credit
3338,164,2023-02-28,5852.39,Debit
3339,18,2023-04-04,26893.29,Credit
3340,242,2023-05-12,47770.33,Debit
3341,73,2023-10-02,14393.3,Debit
3342,28,2023-03-03,19805.82,Credit
3343,244,2023-02-14,27782.02,Debit
3344,52,2023-03-07,25959.46,Credit
3345,121,2023-09-03,5556.26,Credit
3346,10,2023-07-18,9305.47,Credit
3347,62,2023-08-12,30804.51,Debit
3348,190,2023-03-15,22156.99,Credit
3349,170,2023-09-15,38362.83,Credit
3350,197,2023-04-18,36273.02,Credit
3351,146,2023-01-08,47434.61,Debit
3352,221,2023-05-09,46099.8,Debit
3353,119,2023-04-13,45087.98,Credit
3354,101,2023-07-14,7739.57,Debit
3355,130,2023-02-02,11339.26,Credit
3356,86,2023-12-03,36086.94,Credit
3357,224,2023-08-14,3562.21,Credit
3358,155,2023-09-28,14461.55,Credit
3359,37,2023-10-08,48212.41,Credit
3360,29,2023-12-17,3350.05,Credit
3361,159,2023-03-28,36231.56,Debit
3362,95,2023-01-20,7259.98,Credit
3363,176,2023-04-30,394.49,Credit
3364,145,2023-01-30,40703.93,Credit
3365,220,2023-04-25,38132.59,Credit
3366,145,2023-10-07,3788.81,Debit
3367,240,2023-10-20,32275.03,Debit
3368,176,2023-11-12,19399.68,Credit
3369,175,2023-09-09,30669.16,Debit
3370,163,2023-08-21,24008.54,Credit
3371,117,2023-10-02,43984.27,Credit
3372,37,2023-05-27,31890.95,Credit
3373,247,2023-07-18,49957.11,Credit
3374,95,2023-01-11,21643.66,Debit
3375,37,2023-01-22,23050.61,Credit
3376,103,2023-03-06,42022.75,Debit
3377,54,2023-07-27,21114.92,Debit
3378,118,2023-08-20,22250.26,Debit
3379,119,2023-07-06,16956.29,Debit
3380,35,2023-09-29,10375.16,Credit
3381,183,2023-04-08,28462.49,Debit
3382,231,2023-08-26,27455.46,Debit
3383,96,2023-11-26,15414.26,Debit
3384,37,2023-08-29,5521.64,Debit
3385,77,2023-11-16,20664.68,Credit
3386,56,2023-06-22,27629.48,Credit
3387,169,2023-07-16,46862.39,Debit
3388,47,2023-08-15,1289.39,Credit
3389,99,2023-10-18,33382.98,Debit
3390,191,2023-12-15,28211.86,Credit
3391,165,2023-07-25,28795.95,Credit
3392,39,2023-07-30,15892.89,Credit
3393,223,2023-03-08,38154.75,Debit
3394,81,2023-11-09,46657.71,Credit
3395,174,2023-02-19,39369.42,Credit
3396,6,2023-01-05,46016.57,Credit
3397,85,2023-02-16,15733.36,Debit
3398,52,2023-03-19,47902.03,Debit
3399,216,2023-02-03,18210.71,Debit
3400,150,2023-08-17,23806.86,Credit
3401,75,2023-06-05,5164.82,Credit
3402,231,2023-03-19,8246.51,Credit
3403,137,2023-11-13,20543.03,Debit
3404,180,2023-05-24,34529.19,Credit
3405,250,2023-02-28,33227.07,Credit
3406,233,2023-08-16,4943.74,Credit
3407,35,2023-07-15,23693.37,Debit
3408,44,2023-01-11,29350.15,Debit
3409,239,2023-08-14,29286.07,Credit
3410,115,2023-01-11,48517.81,Debit
3411,227,2023-06-23,49391.98,Debit
3412,18,2023-04-01,6833.68,Debit
3413,174,2023-07-21,45846.52,Credit
3414,240,2023-12-09,9936.88,Debit
3415,75,2023-12-31,39659.82,Credit
3416,91,2023-11-05,49180.19,Debit
3417,5,2023-11-15,44563.28,Debit
3418,44,2023-07-06,42577.52,Credit
3419,132,2023-05-24,49103.62,Credit
3420,126,2023-06-13,45300.25,Credit
3421,167,2023-05-03,35055.69,Debit
3422,115,2023-08-10,16942.14,Debit
3423,192,2023-12-03,22958.57,Credit
3424,86,2023-10-10,1665.55,Credit
3425,189,2023-10-21,1058.69,Debit
3426,52,2023-08-29,19062.84,Credit
3427,178,2023-12-11,13587.16,Debit
3428,86,2023-07-07,40176.99,Debit
3429,105,2023-12-29,17172.22,Debit
3430,185,2023-05-14,27663.89,Debit
3431,73,2023-05-17,4256.98,Debit
3432,236,2023-12-10,4331.29,Debit
3433,221,2023-09-18,44801.38,Credit
3434,208,2023-03-07,40330.71,Credit
3435,63,2023-02-08,8937.65,Credit
3436,40,2023-10-20,40092.71,Credit
3437,222,2023-02-08,581.3,Credit
3438,189,2023-06-24,43520.96,Credit
3439,40,2023-10-26,31343.71,Debit
3440,162,2023-06-19,39327.97,Credit
3441,157,2023-03-04,2902.7,Credit
3442,52,2023-02-11,9360.18,Credit
3443,1,2023-08-10,39600.48,Credit
3444,54,2023-01-26,35877.26,Debit
3445,83,2023-11-17,26513.74,Debit
3446,210,2023-04-12,35441.06,Debit
3447,155,2023-12-28,9384.64,Debit
3448,188,2023-12-13,29631.42,Credit
3449,114,2023-04-05,25428.46,Credit
3450,46,2023-04-12,13236.75,Credit
3451,180,2023-03-05,35173.12,Credit
3452,49,2023-04-06,42445.95,Credit
3453,42,2023-07-22,31801.32,Debit
3454,154,2023-07-31,25382.06,Debit
3455,56,2023-08-07,12622.39,Debit
3456,189,2023-05-04,26574.49,Debit
3457,73,2023-03-24,3326.2,Credit
3458,127,2023-06-26,45144.4,Credit
3459,159,2023-08-09,4089.59,Debit
3460,4,2023-12-12,4502.76,Debit
3461,179,2023-12-15,30314.79,Credit
3462,146,2023-05-15,36384.73,Debit
3463,116,2023-07-03,37135.41,Debit
3464,95,2023-09-13,15082.33,Debit
3465,81,2023-10-07,49954.96,Credit
3466,59,2023-10-28,8610.59,Debit
3467,105,2023-08-27,44010.74,Debit
3468,237,2023-07-26,23234.83,Debit
3469,116,2023-03-20,7189.94,Debit
3470,108,2023-01-13,43680.75,Debit
3471,98,2023-11-20,7554.26,Debit
3472,4,2023-08-11,39589.62,Credit
3473,39,2023-10-31,47307.54,Credit
3474,25,2023-01-09,19625.45,Credit
3475,70,2023-06-22,9968.05,Debit
3476,101,2023-03-23,15245.75,Debit
3477,59,2023-04-08,24378.09,Debit
3478,111,2023-08-11,47371.81,Credit
3479,125,2023-12-07,3082.04,Credit
3480,18,2023-06-15,35330.6,Debit
3481,37,2023-05-01,25986.26,Debit
3482,206,2023-04-21,20875.64,Credit
3483,245,2023-06-07,31612.28,Debit
3484,162,2023-06-09,34234.47,Debit
3485,157,2023-03-04,29995.88,Debit
3486,88,2023-07-11,40375.5,Credit
3487,95,2023-10-17,48524.49,Credit
3488,5,2023-08-17,18563.42,Credit
3489,54,2023-06-17,34445.26,Debit
3490,163,2023-09-01,39361.63,Debit
3491,148,2023-06-19,34946.64,Credit
3492,248,2023-06-14,39101.6,Credit
3493,182,2023-10-31,30508.42,Credit
3494,126,2023-10-16,23540.65,Credit
3495,81,2023-09-19,44048.34,Debit
3496,193,2023-03-17,31217.99,Credit
3497,136,2023-09-09,23188.19,Debit
3498,18,2023-08-19,19539.87,Credit
3499,203,2023-05-22,35624.19,Debit
3500,218,2023-01-31,23739.97,Credit
3501,163,2023-01-02,16428.0,Debit
3502,144,2023-03-16,39205.85,Debit
3503,125,2023-06-10,30278.07,Credit
3504,211,2023-11-27,9490.93,Credit
3505,76,2023-02-01,36801.19,Credit
3506,135,2023-09-16,14194.57,Debit
3507,109,2023-12-25,40947.47,Credit
3508,77,2023-05-14,10291.58,Debit
3509,7,2023-01-15,32616.58,Debit
3510,21,2023-07-08,23300.48,Credit
3511,115,2023-11-17,19162.77,Credit
3512,153,2023-08-16,37947.23,Credit
3513,240,2023-05-21,22851.57,Credit
3514,181,2023-11-07,22721.34,Credit
3515,151,2023-03-07,16207.91,Credit
3516,32,2023-01-27,43400.11,Debit
3517,95,2023-03-14,15831.91,Debit
3518,141,2023-01-14,31481.63,Debit
3519,102,2023-04-02,16397.86,Credit
3520,165,2023-05-25,16268.31,Credit
3521,227,2023-09-19,2887.37,Credit
3522,128,2023-02-02,46354.74,Credit
3523,39,2023-02-22,26186.75,Credit
3524,24,2023-07-04,48618.74,Debit
3525,21,2023-07-31,17244.3,Credit
3526,127,2023-07-25,27301.06,Debit
3527,165,2023-07-22,34759.87,Credit
3528,209,2023-04-17,22480.06,Credit
3529,196,2023-05-14,11447.07,Credit
3530,166,2023-12-16,27928.46,Credit
3531,165,2023-12-24,11353.44,Credit
3532,11,2023-04-23,37950.53,Credit
3533,245,2023-03-12,25079.14,Debit
3534,100,2023-11-21,33546.12,Credit
3535,131,2023-05-29,24662.14,Debit
3536,141,2023-02-04,2102.49,Credit
3537,54,2023-04-28,29178.69,Credit
3538,90,2023-12-26,4123.31,Debit
3539,131,2023-03-26,19919.36,Credit
3540,138,2023-01-04,45768.51,Debit
3541,69,2023-10-12,18777.6,Debit
3542,41,2023-04-14,37733.16,Debit
3543,86,2023-04-11,16420.2,Debit
3544,101,2023-03-03,32558.09,Debit
3545,8,2023-08-17,30208.06,Debit
3546,53,2023-04-05,5723.41,Debit
3547,206,2023-02-24,37166.39,Credit
3548,52,2023-10-19,36811.56,Debit
3549,214,2023-12-20,33742.9,Debit
3550,93,2023-08-26,2812.94,Credit
3551,146,2023-05-10,10918.62,Credit
3552,80,2023-01-07,10899.54,Credit
3553,221,2023-06-20,10397.0,Debit
3554,185,2023-06-17,22948.43,Debit
3555,155,2023-03-26,46048.87,Debit
3556,144,2023-11-02,14338.59,Credit
3557,20,2023-11-12,5452.35,Credit
3558,219,2023-01-16,31001.91,Credit
3559,243,2023-05-21,46514.96,Debit
3560,114,2023-07-15,36464.54,Credit
3561,25,2023-01-28,18465.68,Credit
3562,249,2023-08-05,37118.14,Debit
3563,20,2023-05-24,20932.6,Credit
3564,77,2023-01-18,44936.23,Debit
3565,37,2023-05-15,22900.69,Credit
3566,31,2023-11-22,37238.6,Credit
3567,226,2023-09-01,8811.61,Credit
3568,23,2023-05-01,22816.7,Debit
3569,70,2023-01-12,35173.55,Debit
3570,17,2023-12-21,7749.41,Credit
3571,102,2023-12-14,18933.51,Credit
3572,128,2023-08-10,41539.52,Debit
3573,45,2023-01-07,28880.36,Credit
3574,169,2023-02-02,47975.5,Debit
3575,182,2023-05-25,35971.65,Credit
3576,206,2023-05-17,1318.2,Debit
3577,247,2023-04-07,11817.44,Debit
3578,208,2023-01-01,49792.29,Credit
3579,224,2023-10-16,41786.08,Debit
3580,144,2023-12-26,24477.53,Credit
3581,184,2023-01-25,14397.2,Credit
3582,154,2023-07-08,22867.25,Debit
3583,140,2023-03-25,18726.05,Debit
3584,186,2023-10-10,27084.27,Debit
3585,189,2023-11-24,17404.71,Credit
3586,149,2023-07-25,18668.28,Debit
3587,197,2023-05-30,7466.9,Debit
3588,173,2023-10-05,20450.51,Debit
3589,23,2023-11-05,12734.7,Credit
3590,86,2023-07-03,32308.66,Debit
3591,193,2023-10-04,43103.82,Credit
3592,228,2023-01-22,17238.34,Credit
3593,154,2023-06-24,27056.53,Credit
3594,218,2023-10-21,7062.11,Credit
3595,212,2023-12-21,19877.87,Debit
3596,226,2023-02-27,49526.15,Credit
3597,134,2023-02-23,28815.68,Debit
3598,240,2023-10-09,33265.38,Credit
3599,190,2023-04-27,34232.13,Debit
3600,126,2023-03-01,16341.82,Debit
3601,141,2023-07-22,26203.74,Debit
3602,57,2023-10-23,17621.6,Debit
3603,177,2023-02-24,11368.16,Debit
3604,40,2023-12-22,44772.19,Credit
3605,184,2023-01-01,44669.86,Credit
3606,127,2023-03-15,45800.6,Debit
3607,62,2023-07-27,15212.59,Credit
3608,139,2023-11-23,4919.7,Credit
3609,7,2023-01-09,1651.76,Credit
3610,54,2023-04-06,41400.06,Credit
3611,18,2023-05-10,22684.71,Credit
3612,109,2023-07-03,33113.09,Credit
3613,179,2023-11-02,15080.75,Debit
3614,96,2023-04-17,15258.95,Debit
3615,163,2023-11-11,29707.48,Debit
3616,9,2023-09-13,16049.63,Credit
3617,66,2023-12-25,23732.51,Debit
3618,193,2023-10-03,38512.39,Debit
3619,177,2023-10-28,31049.56,Debit
3620,243,2023-12-17,24566.39,Credit
3621,98,2023-01-20,48142.14,Credit
3622,122,2023-05-10,27232.37,Credit
3623,63,2023-11-20,46123.31,Debit
3624,98,2023-06-22,12144.79,Debit
3625,9,2023-06-15,15559.7,Debit
3626,56,2023-11-11,20589.29,Credit
3627,176,2023-03-07,29712.11,Credit
3628,240,2023-09-17,22277.06,Credit
3629,119,2023-05-21,34886.84,Debit
3630,206,2023-10-02,32719.75,Credit
3631,65,2023-10-27,5971.66,Debit
3632,45,2023-08-20,14740.13,Credit
3633,11,2023-05-29,30095.91,Debit
3634,29,2023-12-18,7824.33,Credit
3635,51,2023-09-04,24363.75,Credit
3636,100,2023-12-01,45279.96,Debit
3637,12,2023-06-04,9215.62,Debit
3638,222,2023-12-16,29220.13,Debit
3639,59,2023-08-16,40440.08,Credit
3640,26,2023-03-26,7046.34,Credit
3641,113,2023-09-12,18397.11,Debit
3642,6,2023-12-29,26306.24,Debit
3643,163,2023-10-06,5405.77,Debit
3644,9,2023-05-23,21870.93,Debit
3645,18,2023-02-03,4453.42,Debit
3646,122,2023-07-25,25404.97,Credit
3647,233,2023-03-12,6138.44,Credit
3648,23,2023-10-20,9420.86,Credit
3649,115,2023-12-04,49826.37,Debit
3650,143,2023-05-15,23946.2,Credit
3651,150,2023-07-31,5880.91,Credit
3652,60,2023-04-14,7454.62,Credit
3653,192,2023-12-26,19596.42,Debit
3654,16,2023-09-19,39425.55,Credit
3655,135,2023-12-07,13367.79,Credit
3656,78,2023-03-12,16044.51,Credit
3657,221,2023-09-03,40081.14,Credit
3658,170,2023-09-01,23965.94,Credit
3659,26,2023-03-30,19454.09,Credit
3660,38,2023-12-08,6435.08,Credit
3661,221,2023-02-04,23936.65,Credit
3662,145,2023-03-26,12428.68,Debit
3663,215,2023-11-17,18149.95,Credit
3664,212,2023-05-15,20378.93,Debit
3665,11,2023-06-14,39053.54,Credit
3666,50,2023-12-10,36352.11,Debit
3667,101,2023-08-19,30361.18,Credit
3668,192,2023-03-07,24020.35,Debit
3669,166,2023-11-22,7948.53,Debit
3670,128,2023-02-08,21693.8,Credit
3671,107,2023-02-03,28128.16,Credit
3672,198,2023-11-25,2093.43,Debit
3673,101,2023-05-24,23278.9,Debit
3674,78,2023-10-02,30304.26,Debit
3675,219,2023-08-29,25620.85,Debit
3676,194,2023-12-19,29519.1,Credit
3677,121,2023-06-22,4640.29,Debit
3678,250,2023-06-25,26683.68,Credit
3679,65,2023-11-19,13483.76,Debit
3680,224,2023-05-28,29762.25,Credit
3681,81,2023-06-15,45370.16,Credit
3682,90,2023-06-06,9673.14,Debit
3683,133,2023-12-13,20635.81,Debit
3684,154,2023-08-06,33517.26,Credit
3685,197,2023-11-10,44538.46,Credit
3686,206,2023-12-19,14821.26,Debit
3687,183,2023-10-05,27689.87,Credit
3688,205,2023-08-25,29129.28,Credit
3689,31,2023-05-30,31965.91,Credit
3690,154,2023-11-21,41536.42,Credit
3691,228,2023-11-28,40497.92,Debit
3692,63,2023-07-20,24268.73,Debit
3693,239,2023-10-18,23008.05,Debit
3694,38,2023-05-11,30338.59,Debit
3695,32,2023-07-12,40674.41,Debit
3696,1,2023-02-04,9527.51,Debit
3697,238,2023-09-11,22792.55,Debit
3698,131,2023-10-18,21082.61,Debit
3699,14,2023-08-07,31442.83,Debit
3700,153,2023-02-25,23870.77,Debit
3701,81,2023-03-03,7072.4,Credit
3702,93,2023-01-28,2147.63,Credit
3703,72,2023-02-25,27469.69,Debit
3704,33,2023-02-19,46294.82,Debit
3705,53,2023-01-21,44576.45,Credit
3706,3,2023-02-27,16946.53,Debit
3707,73,2023-08-09,12109.95,Credit
3708,159,2023-11-06,28573.79,Debit
3709,238,2023-10-10,17742.22,Credit
3710,39,2023-01-12,27730.14,Debit
3711,196,2023-04-23,8674.93,Debit
3712,53,2023-10-05,30853.2,Credit
3713,24,2023-10-20,37048.76,Debit
3714,208,2023-09-06,6315.71,Credit
3715,217,2023-07-28,11126.58,Debit
3716,157,2023-03-26,44605.07,Credit
3717,72,2023-02-24,258.1,Debit
3718,112,2023-10-24,43058.67,Debit
3719,115,2023-04-20,11685.82,Credit
3720,105,2023-12-31,22262.24,Credit
3721,190,2023-07-16,42544.26,Debit
3722,6,2023-10-05,38276.29,Credit
3723,226,2023-12-11,24626.84,Debit
3724,83,2023-01-11,25001.7,Debit
3725,215,2023-08-15,30367.04,Debit
3726,37,2023-12-27,3960.11,Debit
3727,44,2023-07-26,10435.83,Debit
3728,91,2023-07-27,13779.67,Debit
3729,231,2023-04-29,19034.26,Debit
3730,246,2023-01-13,34355.96,Credit
3731,166,2023-12-24,3328.28,Credit
3732,100,2023-10-20,17324.69,Debit
3733,6,2023-09-09,21870.96,Debit
3734,233,2023-08-06,4564.1,Debit
3735,90,2023-04-28,13529.17,Debit
3736,123,2023-03-22,8510.23,Credit
3737,217,2023-01-19,48960.16,Debit
3738,13,2023-04-28,4589.63,Credit
3739,24,2023-11-12,34796.11,Credit
3740,65,2023-02-10,26310.17,Debit
3741,116,2023-03-18,14728.33,Debit
3742,72,2023-04-06,11531.52,Debit
3743,43,2023-09-24,3432.27,Credit
3744,159,2023-01-27,28673.19,Credit
3745,74,2023-10-08,23565.39,Debit
3746,230,2023-03-27,11888.64,Credit
3747,155,2023-12-31,3944.67,Credit
3748,69,2023-04-02,26744.27,Debit
3749,142,2023-07-08,36188.1,Credit
3750,137,2023-04-06,12357.76,Credit
3751,84,2023-03-29,38340.85,Credit
3752,129,2023-09-16,44752.43,Debit
3753,35,2023-03-27,2512.39,Credit
3754,217,2023-03-09,12172.09,Debit
3755,147,2023-05-23,23174.02,Debit
3756,45,2023-12-30,5582.82,Credit
3757,42,2023-11-24,30339.94,Credit
3758,18,2023-07-13,6881.62,Debit
3759,118,2023-09-28,39962.02,Debit
3760,141,2023-10-05,36339.12,Debit
3761,247,2023-11-28,47169.94,Debit
3762,202,2023-11-07,28915.85,Debit
3763,193,2023-05-09,26221.17,Debit
3764,43,2023-09-15,42910.55,Credit
3765,207,2023-01-19,10423.96,Debit
3766,216,2023-06-02,5865.26,Debit
3767,98,2023-07-12,15045.95,Credit
3768,81,2023-09-07,10015.27,Credit
3769,56,2023-08-11,38776.1,Credit
3770,116,2023-10-30,39547.16,Credit
3771,167,2023-06-04,19878.4,Credit
3772,5,2023-04-27,45192.82,Debit
3773,125,2023-07-24,23370.82,Debit
3774,96,2023-04-15,23218.64,Debit
3775,246,2023-01-27,12343.76,Credit
3776,230,2023-11-24,46145.06,Debit
3777,96,2023-01-28,17592.7,Debit
3778,228,2023-12-01,43618.43,Credit
3779,154,2023-05-31,17803.24,Debit
3780,11,2023-09-03,3481.01,Debit
3781,50,2023-06-08,46107.07,Credit
3782,3,2023-02-21,7382.36,Debit
3783,16,2023-01-13,25524.38,Debit
3784,7,2023-08-18,20230.26,Debit
3785,89,2023-11-15,16394.58,Debit
3786,14,2023-09-22,29322.5,Debit
3787,195,2023-09-07,21727.07,Credit
3788,171,2023-10-08,36460.36,Credit
3789,248,2023-03-20,46654.08,Debit
3790,85,2023-12-05,35742.13,Debit
3791,37,2023-03-14,38129.23,Credit
3792,24,2023-11-12,19256.09,Debit
3793,57,2023-01-22,2296.27,Credit
3794,245,2023-03-10,9805.22,Credit
3795,107,2023-03-19,21402.88,Debit
3796,235,2023-04-18,128.29,Credit
3797,42,2023-01-20,13348.83,Debit
3798,202,2023-02-03,11032.81,Credit
3799,237,2023-12-11,24724.76,Credit
3800,172,2023-08-24,40603.32,Debit
3801,158,2023-07-10,42544.63,Debit
3802,148,2023-10-13,27441.48,Debit
3803,162,2023-12-07,16394.0,Credit
3804,171,2023-12-16,41784.4,Debit
3805,207,2023-11-01,38936.98,Credit
3806,58,2023-01-12,21750.28,Debit
3807,85,2023-09-18,15098.39,Debit
3808,14,2023-10-30,15087.09,Debit
3809,28,2023-03-17,27795.2,Credit
3810,226,2023-05-08,23270.94,Credit
3811,238,2023-02-20,34899.35,Debit
3812,106,2023-07-24,21022.65,Debit
3813,77,2023-02-11,12200.46,Debit
3814,243,2023-12-06,3409.4,Debit
3815,238,2023-01-30,21837.61,Debit
3816,40,2023-08-01,23711.39,Credit
3817,86,2023-07-09,5999.5,Credit
3818,125,2023-09-09,46398.99,Debit
3819,151,2023-04-20,20325.35,Credit
3820,74,2023-05-05,30567.58,Credit
3821,87,2023-03-23,29939.31,Debit
3822,219,2023-02-12,5122.93,Credit
3823,204,2023-01-05,7587.31,Debit
3824,127,2023-02-17,46725.28,Credit
3825,14,2023-01-02,23613.29,Credit
3826,35,2023-05-30,49186.68,Debit
3827,174,2023-12-18,45912.37,Debit
3828,171,2023-10-20,4467.26,Credit
3829,229,2023-06-08,16574.07,Credit
3830,150,2023-02-12,49410.41,Credit
3831,211,2023-04-09,39498.18,Debit
3832,211,2023-09-09,5466.17,Debit
3833,158,2023-09-27,3677.0,Debit
3834,36,2023-02-03,23170.59,Debit
3835,41,2023-11-26,38826.15,Credit
3836,128,2023-11-07,11267.22,Debit
3837,9,2023-07-21,42622.61,Credit
3838,178,2023-08-31,40532.51,Debit
3839,244,2023-09-18,15389.3,Debit
3840,108,2023-05-01,39733.45,Debit
3841,171,2023-06-17,10606.31,Debit
3842,39,2023-12-27,7845.43,Credit
3843,16,2023-10-28,43769.57,Credit
3844,28,2023-08-18,6392.88,Credit
3845,73,2023-06-20,34417.52,Credit
3846,184,2023-09-04,21823.21,Credit
3847,239,2023-11-26,33446.64,Debit
3848,240,2023-12-30,10567.62,Debit
3849,168,2023-01-18,18274.05,Debit
3850,50,2023-06-26,3396.16,Credit
3851,216,2023-05-10,19539.0,Debit
3852,119,2023-12-04,48330.97,Debit
3853,116,2023-03-10,40807.48,Debit
3854,169,2023-06-11,47907.45,Credit
3855,2,2023-03-26,47719.05,Debit
3856,24,2023-09-07,43788.5,Debit
3857,38,2023-01-22,44222.53,Credit
3858,132,2023-11-06,24818.35,Debit
3859,233,2023-04-14,36067.14,Debit
3860,10,2023-01-05,31613.74,Debit
3861,205,2023-11-11,18713.89,Credit
3862,27,2023-09-05,38601.24,Credit
3863,55,2023-03-17,16692.64,Debit
3864,136,2023-07-20,44490.36,Credit
3865,112,2023-01-21,22802.13,Debit
3866,138,2023-08-22,2321.23,Debit
3867,5,2023-07-28,29507.08,Credit
3868,122,2023-08-02,46459.52,Credit
3869,237,2023-06-11,41756.63,Credit
3870,116,2023-05-16,15084.1,Credit
3871,210,2023-04-28,33454.77,Debit
3872,102,2023-05-16,313.82,Credit
3873,11,2023-04-24,47605.23,Debit
3874,62,2023-07-23,212.3,Credit
3875,246,2023-02-08,40139.32,Debit
3876,138,2023-10-07,47001.85,Credit
3877,129,2023-11-24,39420.89,Credit
3878,128,2023-10-25,10749.39,Debit
3879,200,2023-03-01,42776.17,Debit
3880,144,2023-06-18,8944.11,Credit
3881,4,2023-12-17,21532.07,Debit
3882,166,2023-05-06,47334.27,Credit
3883,26,2023-03-08,46560.99,Debit
3884,44,2023-12-03,14686.6,Debit
3885,107,2023-03-24,45307.13,Credit
3886,187,2023-03-25,18135.34,Debit
3887,80,2023-10-05,34608.72,Credit
3888,20,2023-03-21,43673.74,Credit
3889,245,2023-05-03,3392.52,Debit
3890,248,2023-04-02,5757.2,Debit
3891,87,2023-03-04,25073.11,Debit
3892,131,2023-03-04,24113.97,Debit
3893,202,2023-02-12,17877.33,Credit
3894,91,2023-04-01,19455.25,Credit
3895,140,2023-05-09,36293.23,Credit
3896,17,2023-03-25,7376.07,Credit
3897,134,2023-12-20,26786.98,Debit
3898,237,2023-11-20,17633.99,Debit
3899,219,2023-07-19,39654.0,Debit
3900,27,2023-09-20,38815.52,Debit
3901,55,2023-03-27,9588.17,Debit
3902,199,2023-10-28,37411.94,Credit
3903,250,2023-04-27,41742.11,Debit
3904,143,2023-08-23,19425.05,Debit
3905,51,2023-01-22,1915.34,Credit
3906,1,2023-10-20,17835.53,Debit
3907,167,2023-06-23,20835.13,Credit
3908,249,2023-06-11,43114.14,Credit
3909,35,2023-02-19,29772.96,Credit
3910,152,2023-03-11,23724.15,Debit
3911,31,2023-11-16,40560.38,Debit
3912,63,2023-06-09,26900.37,Debit
3913,76,2023-01-20,42946.98,Credit
3914,241,2023-06-03,33274.7,Credit
3915,179,2023-05-13,40803.1,Credit
3916,72,2023-06-24,42501.88,Credit
3917,250,2023-09-29,18252.88,Debit
3918,79,2023-06-03,20402.86,Credit
3919,73,2023-06-17,9320.33,Credit
3920,223,2023-03-12,46577.37,Credit
3921,93,2023-02-28,4848.35,Debit
3922,197,2023-06-20,15983.76,Credit
3923,47,2023-10-23,10694.29,Credit
3924,60,2023-01-26,13898.09,Credit
3925,208,2023-12-31,27491.93,Debit
3926,233,2023-10-10,32929.2,Credit
3927,230,2023-07-26,37639.87,Credit
3928,80,2023-08-04,4739.08,Debit
3929,69,2023-01-27,6930.89,Credit
3930,243,2023-10-29,300.07,Debit
3931,11,2023-08-29,40494.08,Debit
3932,139,2023-02-24,13287.68,Credit
3933,21,2023-06-21,8502.15,Credit
3934,162,2023-01-09,23568.75,Credit
3935,44,2023-12-16,25533.25,Debit
3936,2,2023-12-15,26196.46,Debit
3937,148,2023-04-07,24683.38,Credit
3938,16,2023-08-09,10629.28,Debit
3939,50,2023-09-28,14706.04,Credit
3940,104,2023-10-30,20636.0,Debit
3941,69,2023-05-08,30857.6,Credit
3942,181,2023-08-04,12824.46,Debit
3943,1,2023-02-28,20336.69,Credit
3944,192,2023-05-10,34595.87,Credit
3945,209,2023-11-25,29052.19,Credit
3946,34,2023-12-31,2106.29,Credit
3947,191,2023-01-24,36589.5,Debit
3948,35,2023-04-22,13899.8,Credit
3949,148,2023-01-02,32627.46,Credit
3950,213,2023-12-23,786.62,Credit
3951,88,2023-04-16,22409.02,Credit
3952,186,2023-11-28,39301.31,Debit
3953,84,2023-07-30,18998.36,Debit
3954,114,2023-12-06,10157.29,Credit
3955,53,2023-07-19,17723.59,Credit
3956,126,2023-09-08,47462.24,Debit
3957,13,2023-05-10,252.56,Debit
3958,41,2023-02-01,39091.52,Credit
3959,192,2023-08-23,26261.67,Credit
3960,106,2023-02-26,44077.2,Credit
3961,73,2023-05-24,8935.3,Credit
3962,122,2023-09-29,3358.22,Debit
3963,90,2023-06-05,32248.08,Debit
3964,52,2023-12-19,43206.01,Debit
3965,247,2023-07-19,13555.01,Debit
3966,57,2023-08-13,45249.85,Credit
3967,200,2023-05-01,32296.5,Debit
3968,57,2023-10-10,25533.92,Credit
3969,29,2023-05-18,36090.01,Debit
3970,177,2023-02-20,13663.42,Debit
3971,192,2023-07-26,1112.95,Credit
3972,62,2023-05-25,12679.73,Credit
3973,194,2023-12-09,46575.44,Credit
3974,161,2023-09-12,48874.84,Credit
3975,39,2023-01-11,16436.1,Debit
3976,146,2023-06-24,172.88,Credit
3977,48,2023-02-25,36657.68,Debit
3978,65,2023-12-23,40249.2,Credit
3979,161,2023-07-25,33524.83,Debit
3980,25,2023-07-14,23645.54,Credit
3981,228,2023-05-06,16303.28,Debit
3982,92,2023-08-30,37970.43,Debit
3983,127,2023-04-27,21598.08,Credit
3984,177,2023-02-09,5249.3,Credit
3985,60,2023-07-30,43340.92,Credit
3986,120,2023-07-31,26795.54,Credit
3987,27,2023-12-15,49489.75,Debit
3988,184,2023-03-11,11114.53,Credit
3989,56,2023-07-09,4933.12,Debit
3990,3,2023-10-28,20516.0,Debit
3991,165,2023-10-29,44501.1,Credit
3992,24,2023-06-24,46186.0,Credit
3993,24,2023-05-09,39575.87,Credit
3994,12,2023-09-01,34480.94,Credit
3995,169,2023-12-23,36460.36,Debit
3996,210,2023-04-21,39806.54,Debit
3997,26,2023-02-15,25234.65,Credit
3998,237,2023-10-22,13955.73,Debit
3999,179,2023-06-28,46739.28,Debit
4000,143,2023-12-23,8298.29,Credit
4001,161,2023-10-20,1165.93,Debit
4002,50,2023-03-30,41133.47,Credit
4003,189,2023-01-24,36648.77,Credit
4004,212,2023-04-18,9962.47,Debit
4005,118,2023-02-01,33116.9,Credit
4006,159,2023-03-10,1671.4,Credit
4007,94,2023-11-18,37853.81,Debit
4008,214,2023-12-18,21647.94,Credit
4009,214,2023-03-23,23739.13,Credit
4010,44,2023-07-11,1852.96,Credit
4011,176,2023-08-04,5515.37,Credit
4012,55,2023-02-07,7771.61,Credit
4013,112,2023-04-28,35014.41,Credit
4014,69,2023-09-24,35714.74,Debit
4015,227,2023-08-20,7954.12,Credit
4016,245,2023-08-18,21301.83,Debit
4017,72,2023-06-11,13085.41,Credit
4018,238,2023-01-11,9893.86,Debit
4019,97,2023-10-02,23296.93,Credit
4020,224,2023-10-25,5855.84,Credit
4021,231,2023-01-28,11563.92,Credit
4022,144,2023-09-03,19790.89,Credit
4023,14,2023-09-23,9071.65,Credit
4024,205,2023-03-06,12100.1,Credit
4025,131,2023-11-07,27229.16,Credit
4026,62,2023-10-03,27658.64,Debit
4027,135,2023-10-03,4767.47,Debit
4028,86,2023-10-09,6895.38,Credit
4029,12,2023-08-07,24576.37,Credit
4030,36,2023-04-23,34968.9,Credit
4031,133,2023-03-17,31279.52,Credit
4032,109,2023-11-21,27381.64,Debit
4033,118,2023-03-26,34098.81,Debit
4034,8,2023-01-17,38297.42,Credit
4035,199,2023-12-07,34575.09,Credit
4036,22,2023-06-15,8329.7,Credit
4037,22,2023-12-19,9602.06,Credit
4038,113,2023-10-03,32412.63,Credit
4039,202,2023-11-19,37448.74,Credit
4040,185,2023-03-18,49421.3,Debit
4041,98,2023-12-11,5846.36,Debit
4042,193,2023-05-30,13114.12,Credit
4043,140,2023-03-17,30057.38,Debit
4044,74,2023-09-09,26158.89,Credit
4045,39,2023-03-31,41235.42,Debit
4046,129,2023-11-15,39436.66,Debit
4047,98,2023-08-29,2115.12,Debit
4048,120,2023-01-14,2302.91,Credit
4049,1,2023-12-05,13138.14,Credit
4050,97,2023-06-26,31869.73,Credit
4051,93,2023-09-22,13826.46,Credit
4052,104,2023-07-13,28193.78,Credit
4053,106,2023-03-18,39905.24,Credit
4054,83,2023-07-09,33100.06,Debit
4055,80,2023-03-29,39278.48,Debit
4056,187,2023-01-22,27671.91,Credit
4057,161,2023-08-29,2746.53,Credit
4058,62,2023-07-30,30144.92,Debit
4059,159,2023-07-01,39347.51,Credit
4060,198,2023-11-16,38952.83,Credit
4061,33,2023-02-03,3129.52,Credit
4062,238,2023-03-04,43276.04,Debit
4063,214,2023-09-28,6300.8,Credit
4064,67,2023-11-17,36690.92,Credit
4065,141,2023-08-31,24972.52,Credit
4066,133,2023-04-10,18966.59,Credit
4067,136,2023-11-28,3301.88,Debit
4068,63,2023-03-21,33682.69,Credit
4069,179,2023-07-24,30991.83,Debit
4070,186,2023-03-29,26134.0,Debit
4071,105,2023-06-02,8013.78,Credit
4072,226,2023-08-03,37848.32,Credit
4073,95,2023-09-28,21601.36,Credit
4074,80,2023-05-09,4200.2,Credit
4075,211,2023-07-19,14652.1,Debit
4076,41,2023-07-01,47312.47,Debit
4077,194,2023-05-29,43327.05,Credit
4078,48,2023-07-26,39454.08,Debit
4079,88,2023-10-06,34190.85,Debit
4080,50,2023-01-12,33466.35,Debit
4081,97,2023-06-07,20618.46,Debit
4082,221,2023-05-29,25697.71,Credit
4083,198,2023-04-26,36565.93,Debit
4084,62,2023-10-12,34900.57,Credit
4085,213,2023-05-22,16644.41,Credit
4086,120,2023-11-09,41604.49,Credit
4087,173,2023-12-19,17062.46,Debit
4088,176,2023-11-24,2970.42,Debit
4089,62,2023-04-15,45832.65,Credit
4090,249,2023-07-01,9797.01,Debit
4091,151,2023-06-11,44185.66,Credit
4092,102,2023-04-24,40354.58,Credit
4093,24,2023-02-18,35594.15,Debit
4094,135,2023-08-27,36090.46,Credit
4095,140,2023-01-25,30362.18,Credit
4096,62,2023-10-31,4661.79,Credit
4097,127,2023-04-21,6821.88,Debit
4098,58,2023-01-21,44130.9,Credit
4099,186,2023-02-09,47814.91,Debit
4100,195,2023-06-17,49571.96,Credit
4101,119,2023-09-14,42933.09,Credit
4102,3,2023-04-05,10514.31,Credit
4103,208,2023-01-16,29345.91,Debit
4104,200,2023-08-01,5689.53,Credit
4105,215,2023-11-02,26241.1,Credit
4106,63,2023-12-19,18926.83,Debit
4107,164,2023-12-26,24917.85,Debit
4108,211,2023-11-02,6073.08,Debit
4109,235,2023-01-02,44125.84,Credit
4110,101,2023-07-08,30526.16,Debit
4111,35,2023-01-30,3904.97,Credit
4112,207,2023-03-05,43555.0,Debit
4113,28,2023-10-04,14682.95,Credit
4114,102,2023-09-29,23919.61,Credit
4115,151,2023-03-13,37850.41,Debit
4116,50,2023-03-29,40765.83,Credit
4117,242,2023-04-21,30367.76,Credit
4118,19,2023-05-03,22619.47,Debit
4119,87,2023-08-03,3929.56,Debit
4120,240,2023-01-19,34801.31,Debit
4121,34,2023-09-24,26851.64,Credit
4122,213,2023-07-07,31560.85,Debit
4123,61,2023-09-10,46786.06,Debit
4124,112,2023-01-24,26015.03,Credit
4125,30,2023-03-07,21383.15,Credit
4126,241,2023-01-22,47198.01,Credit
4127,134,2023-04-15,18129.97,Debit
4128,227,2023-11-08,4510.15,Credit
4129,99,2023-03-20,34276.91,Credit
4130,83,2023-04-19,5087.29,Credit
4131,197,2023-04-22,12775.94,Debit
4132,92,2023-01-27,40888.14,Credit
4133,112,2023-10-20,5527.81,Debit
4134,109,2023-10-15,32243.13,Credit
4135,160,2023-04-18,49197.6,Debit
4136,75,2023-01-21,5879.85,Debit
4137,230,2023-10-11,347.45,Debit
4138,200,2023-04-10,17196.2,Credit
4139,123,2023-12-08,45644.94,Credit
4140,105,2023-01-24,10676.84,Debit
4141,158,2023-03-05,2764.68,Debit
4142,116,2023-12-20,34728.96,Credit
4143,130,2023-07-08,49660.21,Credit
4144,206,2023-05-29,14359.64,Credit
4145,240,2023-01-09,35761.17,Debit
4146,66,2023-10-26,40385.51,Debit
4147,194,2023-11-03,35337.47,Debit
4148,197,2023-11-16,28678.49,Debit
4149,223,2023-12-03,14890.94,Debit
4150,23,2023-09-25,14847.82,Debit
4151,149,2023-07-16,31875.17,Credit
4152,38,2023-06-19,28310.46,Debit
4153,6,2023-09-14,44378.19,Credit
4154,245,2023-03-31,44537.93,Credit
4155,48,2023-04-25,14792.14,Credit
4156,199,2023-08-09,20270.19,Credit
4157,105,2023-11-15,35013.91,Debit
4158,40,2023-07-23,32047.95,Debit
4159,196,2023-08-02,48619.89,Credit
4160,165,2023-08-15,8778.34,Credit
4161,80,2023-10-15,47157.27,Credit
4162,134,2023-11-07,11097.83,Debit
4163,167,2023-05-05,44936.24,Credit
4164,169,2023-10-15,37874.91,Debit
4165,212,2023-01-02,44872.81,Debit
4166,228,2023-12-06,5978.48,Credit
4167,231,2023-12-22,28356.77,Debit
4168,88,2023-01-16,27507.68,Credit
4169,104,2023-10-30,38178.95,Credit
4170,112,2023-12-05,13375.32,Debit
4171,147,2023-07-13,17301.4,Credit
4172,237,2023-04-21,845.16,Debit
4173,208,2023-08-07,5002.81,Credit
4174,197,2023-04-08,40380.9,Debit
4175,147,2023-06-22,49025.66,Credit
4176,65,2023-04-09,38883.21,Debit
4177,139,2023-03-18,12105.98,Debit
4178,218,2023-09-18,13667.88,Credit
4179,219,2023-01-16,41643.25,Credit
4180,123,2023-04-25,148.81,Debit
4181,154,2023-07-20,45376.22,Debit
4182,17,2023-01-29,5927.52,Debit
4183,129,2023-04-14,3845.33,Credit
4184,209,2023-11-10,16808.56,Credit
4185,13,2023-02-03,18822.05,Credit
4186,157,2023-11-28,14034.43,Debit
4187,162,2023-11-07,3750.82,Debit
4188,14,2023-08-21,20448.77,Credit
4189,221,2023-11-19,26138.21,Debit
4190,165,2023-07-30,31386.19,Credit
4191,187,2023-07-08,11103.49,Debit
4192,70,2023-01-09,44796.35,Debit
4193,114,2023-11-03,14146.9,Credit
4194,15,2023-08-18,44283.23,Debit
4195,196,2023-07-30,33602.53,Credit
4196,89,2023-01-10,27817.68,Credit
4197,191,2023-09-09,36276.91,Debit
4198,237,2023-07-16,46162.19,Credit
4199,145,2023-12-25,46631.01,Credit
4200,197,2023-05-15,1234.48,Debit
4201,18,2023-04-10,10002.12,Debit
4202,60,2023-02-15,46868.36,Debit
4203,92,2023-03-29,10210.67,Debit
4204,28,2023-08-28,27279.8,Credit
4205,119,2023-01-06,10325.36,Credit
4206,174,2023-02-22,4021.87,Credit
4207,1,2023-07-14,5719.74,Debit
4208,61,2023-09-20,48979.26,Debit
4209,34,2023-08-28,24837.83,Debit
4210,97,2023-03-04,9600.32,Debit
4211,20,2023-12-08,27304.92,Debit
4212,68,2023-10-31,2554.29,Credit
4213,222,2023-10-24,16218.83,Credit
4214,222,2023-07-22,14771.42,Credit
4215,250,2023-02-18,21614.87,Debit
4216,14,2023-05-02,22641.76,Debit
4217,213,2023-02-22,19978.14,Credit
4218,238,2023-03-14,45261.64,Debit
4219,171,2023-09-20,8598.88,Credit
4220,20,2023-01-08,41714.5,Credit
4221,225,2023-09-09,44723.88,Credit
4222,27,2023-11-18,9749.93,Debit
4223,44,2023-10-21,27351.64,Debit
4224,201,2023-12-18,30364.05,Credit
4225,195,2023-08-07,43342.52,Credit
4226,224,2023-10-04,12227.17,Credit
4227,218,2023-09-21,8943.11,Debit
4228,105,2023-01-15,16989.72,Debit
4229,246,2023-01-12,24692.02,Debit
4230,104,2023-12-15,46362.56,Credit
4231,117,2023-09-02,35035.57,Debit
4232,221,2023-09-12,11873.9,Debit
4233,133,2023-03-17,43019.04,Credit
4234,94,2023-01-02,18868.23,Credit
4235,22,2023-12-04,42049.96,Credit
4236,58,2023-11-19,17530.26,Credit
4237,23,2023-07-21,33969.48,Debit
4238,4,2023-06-21,26999.82,Debit
4239,240,2023-02-23,34368.7,Debit
4240,146,2023-03-18,36651.23,Credit
4241,19,2023-10-20,7023.33,Debit
4242,249,2023-08-22,37772.65,Credit
4243,143,2023-10-30,26759.55,Debit
4244,61,2023-08-09,31209.51,Debit
4245,201,2023-10-07,43417.07,Credit
4246,33,2023-01-20,42558.54,Credit
4247,244,2023-11-06,34620.48,Credit
4248,170,2023-10-05,21714.23,Debit
4249,130,2023-05-30,32453.7,Debit
4250,226,2023-11-07,16952.28,Credit
4251,166,2023-02-13,14249.94,Debit
4252,161,2023-10-07,25425.99,Credit
4253,178,2023-12-02,22126.14,Debit
4254,237,2023-04-02,11840.52,Debit
4255,115,2023-07-19,23932.31,Credit
4256,7,2023-11-12,22655.12,Debit
4257,200,2023-02-09,48179.83,Credit
4258,185,2023-11-18,33218.24,Debit
4259,127,2023-11-09,26656.65,Debit
4260,139,2023-03-18,42865.49,Debit
4261,130,2023-09-12,35955.13,Credit
4262,215,2023-03-08,16073.8,Credit
4263,127,2023-01-20,39547.35,Debit
4264,175,2023-09-26,132.67,Credit
4265,175,2023-11-17,39641.02,Debit
4266,14,2023-12-23,13539.43,Credit
4267,170,2023-07-04,37802.8,Debit
4268,98,2023-11-14,16660.66,Debit
4269,146,2023-01-20,1628.64,Credit
4270,43,2023-05-24,44998.36,Credit
4271,200,2023-06-25,42638.83,Debit
4272,65,2023-04-04,46718.12,Debit
4273,118,2023-10-31,19763.94,Credit
4274,91,2023-11-10,14778.78,Credit
4275,163,2023-03-10,34207.93,Debit
4276,203,2023-07-20,41532.39,Credit
4277,222,2023-04-10,27354.49,Credit
4278,88,2023-07-27,8304.63,Credit
4279,176,2023-12-15,45808.26,Credit
4280,137,2023-06-22,36148.8,Debit
4281,46,2023-06-25,19514.92,Credit
4282,104,2023-10-29,11160.44,Credit
4283,88,2023-09-29,30436.08,Debit
4284,27,2023-04-25,43036.47,Credit
4285,144,2023-12-30,19621.84,Debit
4286,7,2023-11-27,24532.64,Debit
4287,245,2023-07-17,47483.9,Debit
4288,5,2023-11-09,16090.03,Debit
4289,198,2023-12-15,14436.51,Debit
4290,58,2023-01-04,9788.56,Credit
4291,225,2023-12-12,44703.97,Credit
4292,238,2023-02-27,45702.63,Debit
4293,43,2023-01-25,10037.48,Debit
4294,149,2023-05-01,13529.78,Credit
4295,23,2023-07-06,10588.27,Debit
4296,23,2023-06-16,14753.13,Credit
4297,84,2023-06-17,10194.63,Credit
4298,187,2023-03-30,18368.9,Credit
4299,210,2023-08-03,23845.2,Credit
4300,61,2023-08-07,22421.61,Debit
4301,12,2023-01-09,47994.03,Debit
4302,244,2023-03-18,34886.58,Credit
4303,73,2023-02-14,1856.09,Debit
4304,46,2023-08-22,19208.33,Credit
4305,179,2023-10-30,26233.68,Credit
4306,155,2023-03-09,37912.46,Credit
4307,70,2023-07-04,6575.82,Debit
4308,103,2023-03-25,44520.24,Debit
4309,143,2023-08-08,20862.55,Debit
4310,222,2023-10-26,25371.33,Debit
4311,138,2023-08-15,14048.95,Credit
4312,36,2023-09-10,35334.47,Debit
4313,190,2023-12-09,14052.73,Debit
4314,188,2023-10-29,21156.03,Debit
4315,204,2023-06-12,39401.63,Debit
4316,46,2023-09-15,6531.95,Credit
4317,248,2023-02-12,40639.65,Debit
4318,86,2023-01-14,6892.65,Credit
4319,226,2023-01-21,2239.46,Debit
4320,96,2023-11-24,11555.71,Credit
4321,19,2023-05-02,6643.28,Credit
4322,205,2023-06-16,43437.41,Credit
4323,54,2023-01-03,16266.43,Debit
4324,9,2023-09-25,10284.15,Debit
4325,143,2023-04-04,34131.55,Debit
4326,78,2023-05-26,42570.99,Debit
4327,99,2023-10-28,31036.12,Debit
4328,37,2023-09-13,48158.45,Credit
4329,109,2023-08-18,44953.55,Debit
4330,185,2023-05-30,32192.97,Credit
4331,192,2023-01-04,6573.85,Credit
4332,236,2023-07-08,14466.87,Credit
4333,135,2023-04-22,40288.7,Credit
4334,182,2023-10-06,40405.68,Credit
4335,189,2023-03-10,9602.14,Credit
4336,33,2023-04-13,30368.3,Credit
4337,161,2023-06-06,31240.99,Credit
4338,97,2023-01-05,44285.56,Credit
4339,107,2023-05-15,24527.94,Credit
4340,184,2023-10-11,23212.99,Credit
4341,137,2023-03-26,38370.06,Debit
4342,133,2023-12-28,4445.89,Debit
4343,46,2023-04-03,45002.6,Debit
4344,119,2023-06-14,13091.0,Debit
4345,144,2023-11-18,13354.95,Credit
4346,98,2023-03-21,43150.61,Credit
4347,84,2023-03-14,30968.71,Debit
4348,98,2023-12-03,27734.61,Credit
4349,101,2023-01-28,27513.77,Credit
4350,184,2023-08-14,48021.49,Debit
4351,45,2023-02-02,22912.62,Credit
4352,51,2023-08-15,39381.86,Credit
4353,238,2023-10-17,32804.26,Credit
4354,245,2023-01-15,16358.55,Credit
4355,40,2023-10-23,47764.12,Credit
4356,190,2023-07-30,44089.78,Credit
4357,188,2023-08-07,39990.21,Credit
4358,164,2023-06-05,11889.98,Credit
4359,61,2023-03-27,16322.62,Debit
4360,180,2023-05-06,39488.65,Credit
4361,82,2023-10-12,46990.84,Debit
4362,107,2023-03-04,24506.25,Debit
4363,189,2023-09-10,11021.41,Debit
4364,75,2023-05-07,47100.73,Debit
4365,67,2023-05-10,28922.69,Debit
4366,157,2023-03-01,9104.98,Debit
4367,155,2023-10-26,21995.92,Credit
4368,147,2023-03-31,22063.07,Credit
4369,15,2023-06-19,12399.82,Debit
4370,195,2023-09-27,45542.11,Credit
4371,55,2023-09-09,35425.14,Debit
4372,36,2023-10-24,47566.67,Credit
4373,34,2023-03-18,1501.11,Credit
4374,35,2023-07-06,19916.87,Credit
4375,141,2023-04-07,8745.99,Credit
4376,68,2023-10-11,24498.38,Debit
4377,133,2023-09-15,25345.18,Debit
4378,90,2023-12-17,10608.23,Debit
4379,171,2023-09-21,17932.48,Credit
4380,164,2023-10-01,19777.85,Credit
4381,205,2023-01-21,10179.56,Debit
4382,78,2023-05-01,46134.98,Credit
4383,209,2023-10-21,42773.76,Debit
4384,29,2023-08-24,3413.78,Credit
4385,245,2023-04-18,43613.13,Credit
4386,6,2023-03-18,32181.29,Credit
4387,200,2023-10-28,37488.99,Credit
4388,24,2023-06-05,10022.09,Debit
4389,168,2023-09-19,9723.28,Credit
4390,234,2023-01-03,28869.8,Debit
4391,22,2023-04-18,34370.0,Debit
4392,24,2023-11-08,48373.99,Credit
4393,102,2023-01-25,31701.21,Credit
4394,30,2023-04-17,7954.49,Debit
4395,105,2023-08-27,37657.73,Credit
4396,14,2023-02-28,30331.28,Credit
4397,30,2023-02-27,19190.84,Credit
4398,34,2023-04-03,2188.37,Credit
4399,115,2023-03-11,36177.67,Debit
4400,239,2023-05-08,9977.77,Credit
4401,10,2023-05-31,28637.0,Debit
4402,98,2023-06-22,10499.26,Credit
4403,170,2023-04-02,22821.63,Debit
4404,199,2023-09-24,5271.12,Debit
4405,46,2023-02-21,4596.01,Credit
4406,203,2023-10-13,34183.78,Credit
4407,237,2023-06-22,43006.21,Debit
4408,35,2023-03-18,29856.53,Debit
4409,33,2023-01-09,42015.57,Credit
4410,180,2023-07-07,49728.9,Debit
4411,185,2023-07-14,41998.34,Credit
4412,208,2023-12-02,161.68,Credit
4413,184,2023-12-08,28486.62,Debit
4414,33,2023-12-22,29214.6,Credit
4415,199,2023-02-19,11520.28,Debit
4416,31,2023-03-14,13845.55,Debit
4417,240,2023-07-03,27529.78,Debit
4418,100,2023-06-07,38152.35,Credit
4419,55,2023-01-14,13041.93,Credit
4420,228,2023-03-21,1379.71,Debit
4421,239,2023-01-28,21180.74,Debit
4422,158,2023-03-24,24017.59,Debit
4423,72,2023-01-31,8400.96,Credit
4424,114,2023-02-13,21617.97,Credit
4425,106,2023-04-27,6586.38,Debit
4426,136,2023-11-29,47263.11,Credit
4427,88,2023-06-13,13126.99,Credit
4428,212,2023-12-17,31623.56,Credit
4429,57,2023-12-26,35545.55,Debit
4430,9,2023-05-08,3026.52,Credit
4431,158,2023-07-05,45408.23,Debit
4432,245,2023-09-12,28264.97,Debit
4433,95,2023-08-05,44662.82,Debit
4434,160,2023-02-03,18607.31,Debit
4435,96,2023-05-26,21315.99,Credit
4436,243,2023-05-07,12638.93,Credit
4437,36,2023-05-09,23141.12,Credit
4438,29,2023-01-23,27791.58,Credit
4439,205,2023-09-21,6219.58,Credit
4440,7,2023-07-31,27736.78,Credit
4441,116,2023-07-24,13880.88,Credit
4442,126,2023-03-24,21247.88,Credit
4443,140,2023-01-07,25890.91,Debit
4444,115,2023-02-24,7491.79,Credit
4445,223,2023-02-25,48712.64,Credit
4446,119,2023-02-13,9854.74,Credit
4447,105,2023-08-20,5173.16,Credit
4448,119,2023-12-31,11536.53,Credit
4449,249,2023-01-25,40668.56,Debit
4450,93,2023-09-29,47698.99,Debit
4451,77,2023-04-13,40071.23,Credit
4452,30,2023-12-27,9908.02,Credit
4453,145,2023-08-11,9168.12,Debit
4454,115,2023-08-07,35200.05,Debit
4455,128,2023-01-16,10307.64,Credit
4456,86,2023-04-12,49987.96,Credit
4457,156,2023-07-26,7913.57,Debit
4458,237,2023-05-11,41932.7,Debit
4459,112,2023-03-18,4038.78,Credit
4460,135,2023-05-04,41551.58,Debit
4461,5,2023-01-17,2973.29,Debit
4462,104,2023-08-01,21335.62,Debit
4463,248,2023-06-19,31379.2,Credit
4464,194,2023-02-04,39775.66,Credit
4465,115,2023-10-29,24334.12,Debit
4466,32,2023-05-10,1963.8,Debit
4467,150,2023-05-01,27239.51,Credit
4468,211,2023-10-16,37888.63,Debit
4469,147,2023-01-02,15820.84,Credit
4470,82,2023-03-30,2210.62,Credit
4471,207,2023-10-29,14951.68,Debit
4472,238,2023-07-22,39187.96,Debit
4473,164,2023-04-25,32436.54,Credit
4474,119,2023-10-30,22006.97,Credit
4475,209,2023-08-01,19172.84,Debit
4476,27,2023-07-30,45412.98,Credit
4477,39,2023-04-21,24299.28,Credit
4478,125,2023-09-03,28593.79,Credit
4479,60,2023-03-31,38133.54,Debit
4480,47,2023-04-18,36874.7,Debit
4481,150,2023-10-19,45607.28,Debit
4482,207,2023-01-08,3443.08,Debit
4483,43,2023-08-09,42421.26,Credit
4484,7,2023-04-20,23416.7,Debit
4485,210,2023-10-04,42228.12,Credit
4486,23,2023-07-30,2840.63,Credit
4487,170,2023-12-07,32997.27,Debit
4488,25,2023-10-07,47191.34,Credit
4489,61,2023-07-09,34248.87,Debit
4490,231,2023-03-17,44882.6,Credit
4491,250,2023-08-16,48129.71,Debit
4492,238,2023-12-05,25460.05,Credit
4493,249,2023-10-07,46410.98,Debit
4494,78,2023-10-01,6998.21,Credit
4495,116,2023-07-02,26145.12,Credit
4496,147,2023-08-14,48628.71,Debit
4497,113,2023-01-06,27001.08,Credit
4498,208,2023-01-14,13049.08,Credit
4499,108,2023-08-31,16077.89,Credit
4500,213,2023-04-03,42121.73,Debit
4501,145,2023-02-13,15047.83,Debit
4502,24,2023-11-28,33432.39,Credit
4503,131,2023-09-13,33749.59,Debit
4504,203,2023-03-26,30035.1,Debit
4505,144,2023-09-16,7606.81,Debit
4506,149,2023-12-10,46517.73,Debit
4507,171,2023-11-22,2596.27,Credit
4508,151,2023-07-01,11543.93,Credit
4509,67,2023-02-15,39526.82,Debit
4510,29,2023-07-01,21414.77,Debit
4511,231,2023-10-10,32152.11,Credit
4512,125,2023-05-26,33742.2,Credit
4513,86,2023-07-13,17766.72,Debit
4514,149,2023-12-04,33534.42,Debit
4515,47,2023-05-30,32035.93,Debit
4516,180,2023-11-24,14223.7,Debit
4517,99,2023-10-07,12507.88,Debit
4518,240,2023-11-10,21522.48,Debit
4519,116,2023-09-19,15688.44,Credit
4520,114,2023-01-06,7732.17,Debit
4521,27,2023-07-17,7202.75,Debit
4522,149,2023-05-05,41293.44,Debit
4523,71,2023-10-05,27380.92,Credit
4524,129,2023-10-21,48011.69,Credit
4525,69,2023-10-01,20066.51,Credit
4526,158,2023-01-22,44028.68,Credit
4527,67,2023-07-22,24028.23,Debit
4528,155,2023-10-22,3500.68,Credit
4529,160,2023-02-02,4550.17,Credit
4530,55,2023-02-27,29366.25,Credit
4531,92,2023-12-05,37799.0,Credit
4532,211,2023-04-15,35765.27,Credit
4533,60,2023-04-20,23808.01,Debit
4534,229,2023-01-01,17152.28,Credit
4535,12,2023-05-11,16128.76,Credit
4536,103,2023-06-20,39009.97,Credit
4537,233,2023-03-26,18079.78,Debit
4538,193,2023-06-04,24830.04,Debit
4539,32,2023-11-12,4958.34,Debit
4540,167,2023-01-17,43664.79,Debit
4541,71,2023-01-15,39406.13,Debit
4542,103,2023-02-02,23555.31,Debit
4543,230,2023-02-03,38642.75,Credit
4544,180,2023-05-13,29767.9,Credit
4545,140,2023-10-05,47825.66,Credit
4546,222,2023-07-25,23140.08,Credit
4547,25,2023-05-20,4073.01,Debit
4548,106,2023-09-22,42404.77,Credit
4549,202,2023-04-26,42002.76,Credit
4550,236,2023-07-21,31366.85,Debit
4551,140,2023-08-05,30861.76,Credit
4552,179,2023-10-25,19851.8,Debit
4553,80,2023-09-17,19120.0,Debit
4554,177,2023-02-16,16433.6,Debit
4555,81,2023-12-04,2560.1,Credit
4556,158,2023-03-11,36146.84,Credit
4557,15,2023-12-18,39074.2,Debit
4558,64,2023-12-23,46444.54,Credit
4559,90,2023-02-28,3612.14,Credit
4560,109,2023-12-16,36437.06,Credit
4561,214,2023-11-02,26937.09,Debit
4562,54,2023-08-04,15787.96,Debit
4563,250,2023-12-30,32416.16,Credit
4564,132,2023-10-24,13069.28,Debit
4565,154,2023-01-29,19011.25,Credit
4566,13,2023-01-13,29746.46,Debit
4567,207,2023-03-11,15005.8,Debit
4568,46,2023-01-25,14736.54,Debit
4569,97,2023-12-16,43272.68,Debit
4570,111,2023-09-12,20581.97,Debit
4571,203,2023-08-12,13180.33,Credit
4572,210,2023-06-09,15805.91,Debit
4573,126,2023-08-15,17061.85,Credit
4574,147,2023-08-19,39147.59,Debit
4575,197,2023-06-13,48241.42,Credit
4576,201,2023-09-17,40282.7,Credit
4577,109,2023-03-08,12201.58,Debit
4578,67,2023-07-27,43806.69,Credit
4579,219,2023-11-21,9297.84,Debit
4580,87,2023-12-25,14530.6,Credit
4581,102,2023-11-20,16766.7,Debit
4582,59,2023-01-28,556.89,Debit
4583,42,2023-04-06,6008.87,Credit
4584,76,2023-04-03,48167.62,Debit
4585,110,2023-09-02,34728.09,Debit
4586,80,2023-07-25,6803.39,Debit
4587,157,2023-02-04,19568.16,Credit
4588,21,2023-04-01,14118.44,Credit
4589,24,2023-07-10,45544.87,Debit
4590,137,2023-09-22,32006.95,Credit
4591,2,2023-10-02,849.2,Debit
4592,151,2023-09-22,49100.73,Debit
4593,183,2023-09-11,49582.68,Credit
4594,51,2023-02-10,8727.17,Debit
4595,114,2023-01-07,46556.17,Debit
4596,115,2023-03-11,49711.38,Debit
4597,203,2023-05-15,42651.82,Debit
4598,20,2023-03-17,36549.3,Credit
4599,14,2023-04-15,26485.22,Credit
4600,189,2023-09-03,17173.3,Debit
4601,89,2023-12-23,29478.24,Debit
4602,222,2023-09-30,2499.88,Debit
4603,250,2023-11-22,8523.3,Debit
4604,243,2023-09-21,8823.94,Credit
4605,32,2023-12-10,27918.85,Credit
4606,129,2023-06-16,43944.63,Debit
4607,205,2023-05-18,2452.74,Debit
4608,66,2023-06-06,32675.78,Debit
4609,167,2023-08-28,16993.11,Credit
4610,223,2023-04-11,42290.95,Credit
4611,29,2023-03-13,47228.77,Credit
4612,240,2023-08-18,14344.75,Debit
4613,175,2023-11-14,36698.65,Credit
4614,116,2023-08-13,45068.4,Debit
4615,196,2023-04-16,12220.52,Debit
4616,166,2023-11-25,33958.06,Credit
4617,126,2023-03-28,1632.18,Debit
4618,176,2023-03-28,41000.42,Debit
4619,91,2023-01-07,32787.23,Credit
4620,206,2023-02-04,30376.35,Debit
4621,247,2023-05-07,41352.41,Debit
4622,85,2023-11-22,9798.66,Debit
4623,156,2023-04-28,16317.49,Credit
4624,69,2023-11-16,44700.33,Debit
4625,218,2023-04-28,44066.72,Credit
4626,10,2023-12-25,39413.18,Credit
4627,132,2023-02-05,35786.25,Debit
4628,113,2023-08-31,25307.31,Credit
4629,216,2023-08-06,17332.48,Credit
4630,72,2023-05-11,12794.23,Debit
4631,67,2023-05-15,21432.12,Credit
4632,210,2023-10-01,43962.51,Credit
4633,122,2023-11-05,31015.1,Debit
4634,181,2023-10-10,5446.94,Debit
4635,62,2023-11-26,29828.25,Credit
4636,138,2023-08-22,48021.21,Debit
4637,224,2023-10-03,36793.52,Debit
4638,151,2023-09-28,25773.17,Credit
4639,227,2023-12-20,29982.64,Debit
4640,81,2023-09-04,28980.88,Credit
4641,215,2023-09-03,5322.24,Debit
4642,175,2023-03-12,12764.28,Credit
4643,10,2023-02-15,43106.21,Debit
4644,182,2023-05-10,8833.97,Credit
4645,232,2023-04-15,41598.91,Credit
4646,152,2023-08-19,8220.43,Credit
4647,61,2023-10-18,39638.2,Credit
4648,250,2023-02-27,49267.99,Debit
4649,8,2023-07-20,46005.54,Credit
4650,242,2023-10-18,10583.5,Credit
4651,133,2023-09-21,46215.27,Credit
4652,43,2023-03-16,6144.22,Credit
4653,4,2023-04-05,11577.97,Credit
4654,5,2023-02-02,34614.08,Debit
4655,119,2023-08-11,19032.18,Credit
4656,233,2023-01-16,25445.37,Debit
4657,184,2023-07-17,6172.97,Credit
4658,210,2023-06-01,9548.61,Debit
4659,204,2023-02-17,14509.32,Credit
4660,230,2023-10-11,14539.21,Debit
4661,167,2023-05-05,32093.55,Credit
4662,151,2023-09-19,37780.35,Debit
4663,71,2023-08-04,39173.61,Credit
4664,50,2023-06-11,15535.57,Debit
4665,214,2023-12-13,39526.26,Credit
4666,1,2023-04-12,36693.43,Credit
4667,118,2023-07-26,45808.36,Credit
4668,95,2023-05-23,47178.57,Debit
4669,113,2023-02-08,16637.23,Credit
4670,112,2023-08-10,48624.96,Debit
4671,109,2023-05-18,4692.17,Credit
4672,232,2023-11-28,19710.07,Debit
4673,77,2023-02-14,35477.04,Credit
4674,73,2023-01-01,40407.37,Debit
4675,26,2023-07-24,30744.51,Debit
4676,198,2023-11-13,23524.75,Credit
4677,95,2023-10-15,38034.42,Debit
4678,108,2023-10-08,10194.87,Credit
4679,97,2023-10-01,36308.22,Debit
4680,41,2023-07-18,30385.97,Credit
4681,136,2023-04-30,27042.79,Credit
4682,121,2023-09-28,49750.82,Debit
4683,201,2023-11-11,3725.13,Credit
4684,95,2023-10-30,21494.84,Debit
4685,117,2023-02-09,28510.55,Debit
4686,6,2023-12-21,29775.61,Credit
4687,6,2023-02-14,6721.78,Debit
4688,117,2023-11-20,26146.63,Credit
4689,98,2023-01-08,15206.01,Credit
4690,142,2023-01-03,38076.52,Debit
4691,240,2023-03-13,47043.18,Debit
4692,93,2023-06-21,25573.79,Credit
4693,118,2023-09-07,22900.22,Credit
4694,172,2023-03-12,24465.06,Debit
4695,155,2023-04-05,39224.51,Credit
4696,139,2023-12-11,39882.01,Credit
4697,72,2023-02-17,30466.73,Debit
4698,241,2023-03-12,21843.55,Credit
4699,42,2023-03-14,30197.61,Debit
4700,86,2023-09-20,29422.98,Debit
4701,14,2023-12-29,44093.91,Debit
4702,185,2023-07-07,13393.41,Credit
4703,27,2023-10-11,17395.91,Debit
4704,96,2023-09-06,41688.6,Credit
4705,82,2023-08-11,38997.16,Credit
4706,1,2023-10-23,7162.64,Debit
4707,128,2023-01-01,35544.3,Credit
4708,241,2023-01-26,3262.13,Debit
4709,57,2023-12-27,44933.97,Debit
4710,71,2023-01-28,23021.97,Credit
4711,212,2023-03-11,13994.46,Debit
4712,46,2023-09-15,8231.45,Debit
4713,228,2023-05-24,352.34,Credit
4714,125,2023-09-24,32632.29,Credit
4715,42,2023-12-19,13164.7,Debit
4716,62,2023-02-16,6898.86,Debit
4717,19,2023-07-19,47085.72,Debit
4718,2,2023-09-04,3388.96,Debit
4719,242,2023-10-15,32109.87,Credit
4720,24,2023-03-01,28760.61,Credit
4721,157,2023-04-02,42207.64,Credit
4722,209,2023-12-03,4400.07,Credit
4723,110,2023-02-11,37401.82,Credit
4724,191,2023-07-05,11447.9,Debit
4725,14,2023-10-19,6894.6,Credit
4726,9,2023-08-25,3636.92,Debit
4727,152,2023-06-10,34056.22,Credit
4728,245,2023-09-05,12895.64,Credit
4729,225,2023-09-16,28742.72,Debit
4730,144,2023-12-31,16428.72,Debit
4731,59,2023-11-27,7128.38,Debit
4732,106,2023-10-31,27811.11,Credit
4733,222,2023-07-31,17296.23,Debit
4734,72,2023-08-30,38322.96,Debit
4735,215,2023-02-15,47970.87,Credit
4736,122,2023-04-14,40258.2,Credit
4737,55,2023-02-06,1872.53,Debit
4738,12,2023-03-20,17654.57,Debit
4739,57,2023-12-17,9240.48,Debit
4740,229,2023-06-01,10745.45,Debit
4741,113,2023-05-12,26248.49,Credit
4742,87,2023-03-19,21091.78,Credit
4743,104,2023-05-20,48952.78,Debit
4744,10,2023-08-08,22445.45,Credit
4745,184,2023-05-09,44560.69,Credit
4746,141,2023-06-05,48386.88,Debit
4747,205,2023-04-27,19192.99,Debit
4748,104,2023-03-12,27055.59,Debit
4749,86,2023-01-28,22331.25,Debit
4750,238,2023-05-22,35263.93,Debit
4751,93,2023-08-18,31031.74,Debit
4752,21,2023-07-06,48049.95,Credit
4753,53,2023-10-17,9220.34,Credit
4754,153,2023-01-18,27088.02,Debit
4755,231,2023-06-16,5446.29,Debit
4756,162,2023-12-25,15542.72,Credit
4757,171,2023-11-04,5175.66,Credit
4758,26,2023-02-12,49839.39,Debit
4759,200,2023-09-17,47076.05,Credit
4760,154,2023-12-18,1052.92,Debit
4761,207,2023-06-01,35237.56,Debit
4762,175,2023-07-19,2793.77,Credit
4763,44,2023-11-21,1287.27,Debit
4764,236,2023-04-30,15824.84,Debit
4765,179,2023-02-12,34161.14,Credit
4766,229,2023-02-12,33376.38,Credit
4767,113,2023-06-10,39268.19,Debit
4768,224,2023-01-31,627.73,Debit
4769,195,2023-12-25,45956.75,Credit
4770,82,2023-02-26,16929.3,Credit
4771,233,2023-06-27,48333.96,Debit
4772,113,2023-11-21,44540.78,Debit
4773,9,2023-08-13,14197.73,Debit
4774,26,2023-08-15,35238.81,Credit
4775,119,2023-11-01,27582.15,Debit
4776,182,2023-10-30,33736.16,Credit
4777,234,2023-04-29,33354.71,Credit
4778,13,2023-01-05,49130.1,Debit
4779,246,2023-12-13,31139.83,Debit
4780,198,2023-01-07,10242.85,Credit
4781,1,2023-05-23,17475.67,Credit
4782,225,2023-04-20,21477.57,Debit
4783,17,2023-02-06,27183.78,Credit
4784,245,2023-04-24,49525.23,Debit
4785,226,2023-11-12,30868.31,Credit
4786,246,2023-10-07,18022.79,Credit
4787,233,2023-07-11,34332.63,Debit
4788,38,2023-01-24,18131.16,Credit
4789,9,2023-01-31,20437.1,Debit
4790,146,2023-10-23,751.11,Credit
4791,102,2023-10-20,21480.81,Credit
4792,19,2023-10-07,19404.18,Debit
4793,123,2023-05-15,2300.03,Credit
4794,123,2023-09-14,13426.09,Credit
4795,184,2023-04-22,33144.4,Debit
4796,79,2023-10-25,34974.57,Debit
4797,221,2023-04-26,1123.51,Debit
4798,126,2023-08-23,18911.15,Credit
4799,86,2023-06-17,501.69,Credit
4800,163,2023-06-28,41439.27,Credit
4801,127,2023-04-19,49269.87,Debit
4802,66,2023-03-08,44952.31,Credit
4803,74,2023-02-24,23022.99,Debit
4804,48,2023-10-26,3151.3,Credit
4805,170,2023-10-21,35152.58,Credit
4806,57,2023-04-24,15454.99,Credit
4807,18,2023-01-08,36887.72,Credit
4808,147,2023-01-21,32193.24,Debit
4809,215,2023-12-13,2415.1,Credit
4810,2,2023-11-23,38238.84,Debit
4811,131,2023-05-10,12224.49,Credit
4812,227,2023-03-01,4510.47,Debit
4813,114,2023-04-23,39749.46,Credit
4814,73,2023-12-14,16792.14,Debit
4815,86,2023-10-16,27868.53,Debit
4816,83,2023-10-17,43049.12,Credit
4817,44,2023-10-31,36873.64,Debit
4818,80,2023-03-27,19822.54,Credit
4819,245,2023-05-04,21012.11,Credit
4820,205,2023-01-05,44248.74,Credit
4821,118,2023-07-09,17750.78,Credit
4822,20,2023-05-11,23150.99,Debit
4823,228,2023-01-13,34775.66,Credit
4824,1,2023-08-16,5815.27,Debit
4825,216,2023-03-24,11359.92,Credit
4826,47,2023-04-07,21629.31,Credit
4827,26,2023-11-28,39783.56,Credit
4828,18,2023-06-30,45354.53,Credit
4829,134,2023-10-21,45502.06,Credit
4830,176,2023-07-07,28320.62,Debit
4831,28,2023-02-27,25206.33,Credit
4832,138,2023-07-10,16682.56,Credit
4833,187,2023-10-29,44048.16,Debit
4834,177,2023-08-29,8457.22,Credit
4835,98,2023-10-12,25886.53,Credit
4836,193,2023-06-23,45866.68,Debit
4837,137,2023-12-25,30233.31,Credit
4838,18,2023-10-08,48956.56,Credit
4839,131,2023-10-25,24031.63,Credit
4840,206,2023-09-18,13877.94,Debit
4841,222,2023-01-28,32902.09,Credit
4842,44,2023-09-02,8209.43,Credit
4843,46,2023-10-10,10766.2,Debit
4844,138,2023-03-07,31301.08,Credit
4845,35,2023-12-06,47281.17,Credit
4846,65,2023-02-15,13943.47,Debit
4847,72,2023-12-02,10649.98,Credit
4848,237,2023-09-26,37413.86,Credit
4849,108,2023-07-04,28905.99,Credit
4850,180,2023-01-06,33689.0,Credit
4851,33,2023-01-19,31738.79,Credit
4852,71,2023-12-23,7548.46,Credit
4853,34,2023-08-13,24951.55,Credit
4854,179,2023-02-22,12260.59,Credit
4855,11,2023-03-08,25216.57,Debit
4856,86,2023-01-25,20417.18,Debit
4857,51,2023-01-02,34140.88,Credit
4858,89,2023-11-01,11617.38,Debit
4859,117,2023-08-24,17857.36,Credit
4860,157,2023-10-03,11289.82,Credit
4861,176,2023-01-12,32622.89,Credit
4862,107,2023-12-16,44184.67,Credit
4863,121,2023-06-02,18968.19,Credit
4864,221,2023-03-23,29143.81,Credit
4865,31,2023-01-15,13257.17,Debit
4866,18,2023-11-14,19416.26,Credit
4867,39,2023-10-18,4149.88,Credit
4868,241,2023-03-02,21048.0,Credit
4869,129,2023-01-29,18407.94,Debit
4870,249,2023-08-02,42087.59,Debit
4871,118,2023-01-21,19219.92,Debit
4872,239,2023-03-20,4297.22,Debit
4873,93,2023-07-05,3116.18,Debit
4874,200,2023-05-11,15095.1,Credit
4875,113,2023-08-09,19636.66,Credit
4876,176,2023-06-06,30272.49,Credit
4877,184,2023-04-26,28420.89,Debit
4878,3,2023-06-04,32396.44,Debit
4879,43,2023-08-21,9569.66,Credit
4880,99,2023-03-10,21748.61,Credit
4881,23,2023-06-01,48436.01,Debit
4882,56,2023-07-30,33306.68,Debit
4883,241,2023-12-02,27784.78,Debit
4884,69,2023-12-11,7650.15,Credit
4885,137,2023-09-10,47462.26,Credit
4886,190,2023-11-15,46522.23,Credit
4887,164,2023-05-03,36245.31,Credit
4888,169,2023-11-04,28587.59,Debit
4889,68,2023-04-23,10130.56,Debit
4890,207,2023-05-03,44379.34,Debit
4891,243,2023-08-24,48708.0,Credit
4892,228,2023-07-07,33368.85,Debit
4893,137,2023-05-01,11323.15,Debit
4894,244,2023-04-14,47473.26,Credit
4895,208,2023-12-20,12120.19,Credit
4896,181,2023-07-07,42432.14,Debit
4897,104,2023-01-15,18755.72,Debit
4898,95,2023-08-28,38940.26,Debit
4899,235,2023-12-20,28229.4,Debit
4900,128,2023-06-19,39823.7,Debit
4901,151,2023-12-31,44756.23,Debit
4902,185,2023-11-22,16841.63,Credit
4903,93,2023-05-03,21885.65,Debit
4904,220,2023-05-19,19712.07,Debit
4905,247,2023-02-02,21602.31,Debit
4906,33,2023-02-10,8936.45,Debit
4907,95,2023-01-12,26820.77,Credit
4908,147,2023-06-20,46272.12,Debit
4909,131,2023-02-14,40756.82,Credit
4910,195,2023-07-24,29837.63,Debit
4911,202,2023-07-10,28828.26,Debit
4912,78,2023-08-17,9168.02,Credit
4913,4,2023-08-21,43518.78,Debit
4914,35,2023-05-03,18460.34,Credit
4915,69,2023-04-03,19301.82,Debit
4916,14,2023-12-08,47687.48,Credit
4917,64,2023-03-22,47053.84,Credit
4918,78,2023-06-12,44317.93,Credit
4919,184,2023-01-29,22694.98,Debit
4920,57,2023-12-03,38538.96,Credit
4921,27,2023-12-15,45192.98,Credit
4922,137,2023-11-27,34344.3,Credit
4923,127,2023-09-29,41115.39,Credit
4924,37,2023-03-03,4062.1,Debit
4925,24,2023-10-13,14114.48,Credit
4926,54,2023-07-05,40800.71,Debit
4927,190,2023-04-01,21703.98,Debit
4928,67,2023-05-17,42222.66,Debit
4929,13,2023-02-27,24911.28,Credit
4930,223,2023-11-28,46694.57,Credit
4931,178,2023-09-28,20605.01,Debit
4932,225,2023-03-17,11205.96,Debit
4933,119,2023-08-20,6689.64,Debit
4934,103,2023-12-16,16263.3,Credit
4935,50,2023-08-28,269.92,Debit
4936,234,2023-02-01,32320.7,Credit
4937,237,2023-11-19,35043.27,Credit
4938,209,2023-08-13,46628.21,Credit
4939,7,2023-07-08,16341.63,Credit
4940,10,2023-01-13,46046.67,Debit
4941,220,2023-12-16,8991.25,Credit
4942,17,2023-06-08,9396.8,Debit
4943,170,2023-04-10,6083.76,Credit
4944,155,2023-06-04,11412.79,Credit
4945,197,2023-04-22,38176.89,Credit
4946,127,2023-03-26,45430.81,Credit
4947,32,2023-04-12,18966.36,Debit
4948,90,2023-12-30,7793.32,Debit
4949,46,2023-01-14,30086.56,Credit
4950,148,2023-11-20,42811.67,Credit
4951,89,2023-03-07,35984.91,Debit
4952,212,2023-12-04,34175.99,Credit
4953,38,2023-03-28,7623.74,Debit
4954,59,2023-12-25,30835.83,Credit
4955,1,2023-05-28,18243.17,Debit
4956,177,2023-12-22,41432.45,Credit
4957,201,2023-07-01,11352.54,Credit
4958,109,2023-08-07,4446.67,Debit
4959,249,2023-01-18,23530.17,Credit
4960,233,2023-01-26,27606.23,Debit
4961,12,2023-09-19,9453.13,Debit
4962,202,2023-03-03,38248.11,Credit
4963,213,2023-04-13,19118.54,Credit
4964,4,2023-09-09,6321.6,Debit
4965,26,2023-07-01,32275.83,Credit
4966,229,2023-10-13,33920.77,Credit
4967,181,2023-02-15,48186.51,Debit
4968,171,2023-11-19,21793.62,Debit
4969,137,2023-05-13,38989.6,Debit
4970,52,2023-06-16,22186.55,Debit
4971,34,2023-03-16,10570.03,Credit
4972,177,2023-03-20,7167.56,Credit
4973,236,2023-12-31,25467.08,Credit
4974,194,2023-11-08,14672.64,Credit
4975,89,2023-10-14,49520.44,Credit
4976,184,2023-12-07,49541.54,Credit
4977,46,2023-07-01,20310.87,Debit
4978,47,2023-11-13,49645.85,Debit
4979,55,2023-07-10,32838.88,Debit
4980,63,2023-11-22,39538.75,Debit
4981,222,2023-05-06,3426.79,Credit
4982,137,2023-01-29,13650.65,Debit
4983,71,2023-02-23,41400.89,Credit
4984,125,2023-12-09,15831.24,Debit
4985,198,2023-03-04,32694.74,Debit
4986,39,2023-01-07,44435.08,Credit
4987,57,2023-07-17,8808.29,Credit
4988,131,2023-05-27,33232.11,Credit
4989,147,2023-08-31,32876.86,Debit
4990,17,2023-06-10,36551.83,Debit
4991,12,2023-07-05,15989.18,Credit
4992,205,2023-03-31,46845.5,Credit
4993,95,2023-02-14,21463.14,Debit
4994,19,2023-02-09,28354.7,Debit
4995,85,2023-08-08,13653.8,Credit
4996,148,2023-07-12,29662.01,Credit
4997,152,2023-06-14,22597.88,Debit
4998,92,2023-04-05,3103.89,Credit
4999,208,2023-03-12,1006.19,Credit
5000,112,2023-03-23,33366.51,Credit
